Customer,Name,Current,1 To 31,31 To 61,61 To 92,Over 92,Balance
C005855,PAYMENTOLOGY (PTY) LTD,4412352.05,1093081.44,0.0,0.0,0.0,5505433.49
PRI002,Primedia Broadcasting A division of Primedia (Pty),246037.22,246037.22,246037.22,246037.22,490488.09,1474636.97
C001221,E-TV (Pty) Ltd,419322.83,47261.56,47261.56,47261.56,654429.29,1215536.8
FIR005,FirstRand Bank Limited,483005.58,483005.58,0.0,0.0,0.0,966011.16
TUR001,Turrito Networks (Pty) Ltd     (R),841171.13,6440.66,28622.76,26355.7,0.0,902590.25
C006496,JOHANNESBURG CITY PARKS AND ZOO,219743.71,219743.71,219743.71,219743.71,9391.65,888366.49
C001200,PLUS1X SOLUTIONS (PTY) LTD,80954.72,26084.77,19754.82,23498.3,582504.26,732796.87
XON001,NEC XON SYSTEMS PROPRIETARY LIMITED,43346.38,43346.38,43346.38,43346.38,554493.24,727878.76
C005719,FIBRE COMPARE,220892.53,213240.58,223178.87,15678.37,0.0,672990.35
ECH001,Echotel (Pty) Ltd. t/a Echo Service Provider (R),221495.08,141850.65,209278.13,84815.49,0.0,657439.35
C000525,Maximize Office Solutions (Pty) Ltd T/A Maximize South Afric,324091.83,320030.52,0.0,1034.66,0.0,643087.69
C004095,SOUTH32 SA Limited,433453.18,223390.95,0.0,0.0,20452.62,636391.51
C000007,Foschini Retail Group (Pty) Ltd,0.0,460394.39,0.0,53511.44,89625.66,603531.49
C006601,Shoprite Checkers (Pty) Ltd,237724.55,132374.04,228035.43,0.0,0.0,598134.02
SIF001,Si Futures (Pty) Ltd,251555.91,254172.5,20917.03,5577.5,71594.51,592662.45
CEN002,Pindrop (Pty) Ltd,163196.27,1838.97,3276.47,114869.37,529425.34,582867.68
OPE002,Open Communications (Pty) Ltd,578263.39,3051.04,0.0,0.0,4977.4,580189.75
C000802,Tluka Business Enterprise CC T/A Tluka Communications Technology,56963.04,56963.04,56963.04,0.0,404788.72,575677.84
C006166,ADNOTES (PTY) LTD,75776.95,75776.95,75776.95,75776.95,263933.76,567041.56
C006363,GAHLE WIRELESS INTERNET (PTY) LTD,65725.49,0.0,0.0,65725.49,432580.44,564031.42
C005899,GDE SCIENCE EDUCATION CENTRE T/A SCI-BONO DISCOVERY CENTRE,7603.23,11404.84,26619.63,26619.63,478807.27,551054.6
SEV001,SevenC Computing (Pty) Ltd,276788.99,266951.6,0.0,0.0,0.0,543740.59
C000441,Dream ICT Services (Pty) Ltd,20072.22,20072.22,8093.82,13882.92,441092.54,503213.72
ACT001,Activate Telecoms (Pty) Ltd      (R),85098.23,87116.38,87206.0,87206.0,120136.38,466762.99
C005368,LIGHT BRIDGE INTERNET (PTY) LTD,50733.19,36383.7,36383.7,58564.9,281324.05,463389.54
SUP002,Supima Computers t/a Supima Technologies  (R),126760.05,126760.05,126760.05,0.0,63790.36,444070.51
ALE001,Alexander Forbes Group Services (Pty) Ltd,85302.06,14948.85,85302.06,0.0,233381.62,418934.59
PRE001,Premier FMCG (Pty) Ltd,379374.23,0.0,0.0,0.0,0.0,379374.23
VAL001,HEROTEL BUSINESS,351939.55,0.0,0.0,0.0,0.0,351939.55
C005851,MASSTORES (PTY) LTD T/A MASSMART SERVICES,175174.99,175174.99,0.0,0.0,0.0,350349.98
C000846,Nestle South Africa (Pty) Ltd,90933.95,90933.95,0.0,0.0,158997.29,340865.19
C000646,Southern Sun Hotel Interests (Pty) Ltd,180584.63,152907.91,2606.28,0.0,0.01,330886.25
NET004,NETEXEC IT SERVICES (PTY) LTD,24691.04,25805.75,24571.54,24571.54,214971.2,314611.07
C000233,FirstRand Services Private Ltd (India).,191367.53,84291.08,0.0,0.0,10969.96,286628.57
C000462,HomeChoice (Pty) Ltd,131986.35,131986.35,0.0,0.0,8360.46,272333.16
C000693,Saficon Industrial Equipment (Pty) Ltd,21731.55,21731.55,0.0,0.0,228762.72,272225.82
C006184,EPWORTH MINERALS (PTY) LTD,0.0,86243.1,14373.85,14373.85,157192.16,272182.96
CRY001,CRYSTAL COMMUNICATIONS,217349.37,7112.1,12972.72,3328.37,52278.3,272159.92
C006466,MULTICHOICE SUPPORT SERVICES (PTY) LTD,265132.5,0.0,0.0,0.0,0.0,265132.5
CON004,Telviva (Pty) Ltd,562105.51,5684.38,246240.65,98679.15,51184.95,262686.28
C006206,WEBHELP SA OUTSOURCING (PTY) LTD,175936.2,86243.1,0.0,0.0,0.0,262179.3
ECO001,ECOTECH Converge (Pty) Ltd (R),124867.4,0.0,0.0,0.0,136801.22,261668.62
MET0001,Metro Fibre Networx (Pty) Limited,222611.25,33718.0,0.0,0.0,0.0,256329.25
C001060,Zinia ISP (Pty) Ltd,84313.4,84313.4,105039.37,17494.84,0.0,256171.33
C004809,EXPERIAN SOUTH AFRICA (PROPRIETARY) LIMITED,202712.95,61999.95,8869.95,0.0,0.0,255842.95
PSA048,Dynacomm Networks,0.0,142773.19,0.0,0.0,112730.21,255503.4
C000254,Educor (Pty) Ltd,42086.55,0.0,0.0,42086.55,168346.2,252519.3
C005852,Ericsson sub-saharan Africa (PTY) Ltd (ESA),13107.7,13107.7,0.0,13107.7,198428.84,237751.94
C005547,ICLOUDTIVITY (PTY) LTD,129679.39,50739.32,50739.32,6104.24,1171.55,236090.72
C006558,CURRO HOLDINGS LTD,26264.85,26264.85,0.0,179400.0,0.0,231929.7
TAK001,Takealot Online (RF) (Pty) Ltd t/a Takealot.com,292325.29,64391.69,0.0,0.0,0.02,227933.62
C005948,TIGERS AND PARTNERS (PTY) LTD,0.0,0.0,8048.85,130123.08,84513.5,222685.43
C006436,DEEP SOUTH INTERNET SOLUTIONS (PTY) LTD,33568.5,33568.5,33568.5,33568.5,78196.69,212470.69
SIM004,Simplicloud South Africa (Pty) Ltd,11240.1,11240.1,0.0,0.0,186456.12,208936.32
C006874,PLANT DESIGN AND PROJECT SERVICES (PTY) LTD,26537.4,181114.65,0.0,0.0,0.0,207652.05
ROS001,BitCo Telecoms (Pty) Ltd,230434.42,23092.75,0.0,0.0,0.0,207341.67
C000997,Old Mutual Insure Limited,52980.5,48760.0,114963.89,10360.63,741.93,205601.83
C005211,REDWILL ICT CC,22358.42,22358.42,22358.42,22358.42,115180.75,204614.43
SAI001,Saicom Voice Services (Pty) Ltd,202769.33,287.5,0.0,0.0,0.0,203056.83
HAR001,Harmony Gold Mining Company Ltd,37923.55,37923.55,37923.55,37923.55,37923.55,189617.75
SOL002,Solutioncomms CC,61795.37,63603.8,0.0,0.0,59105.67,184504.84
INT011,Integra Tech Pty Ltd t/a Integra Group,179955.03,5858.07,0.0,575.0,3558.1,182830.0
REC001,Rectron (Pty) Ltd,180251.12,0.0,0.0,0.0,0.0,180251.12
C000475,Supima Computers T/A Supima Technologies (YKK),59843.93,52811.3,57090.63,0.0,8246.01,177991.87
C001032,Wika Instruments (Pty) Ltd,68180.19,68379.89,89942.42,49510.72,0.0,176991.78
BID001,BIDVEST PAPERPLUS CORPORATE SERVICES,20122.7,14028.85,14028.85,14028.85,112230.8,174440.05
C000061,Session Telecoms (Pty) Ltd,173211.97,0.0,0.0,0.0,0.0,173211.97
INF003,Infostream Technologies CC,32925.0,123886.46,0.0,15447.26,0.0,172258.72
C005404,INNOVATE48 (PTY) LTD,170612.34,0.0,0.0,0.0,0.0,170612.34
C000786,Intelys Telecom (Pty) Ltd,158421.22,1000.0,0.0,0.0,0.0,159421.22
MES001,Mesh Telecom (Pty) Ltd,156578.39,0.0,0.0,0.0,0.0,156578.39
C006628,GOLDEN ARROW BUS SERVICES (PTY) LTD,62524.21,61935.4,894.06,12581.56,18616.87,154763.98
C000621,Solid Fibre (Pty) Ltd,148951.41,0.0,0.0,0.0,0.0,148951.41
C000599,Radiform (Pty) Ltd t/a Steadex,8206.2,75577.81,5912.43,9177.52,200252.79,147971.13
C000343,United Pharmaceutical Dist-a Div of New Clicks SA (Pty) Ltd,29505.9,29505.9,29505.9,29505.9,29505.9,147529.5
WBH001,WBHO Construction (Pty) Ltd,81415.86,63011.95,0.0,0.0,0.0,144427.81
C000531,Food Lover's Holdings (Pty) Ltd,132173.23,51597.53,20155.36,2653.75,40794.12,144178.93
C006810,Three6five Digital Solutions (Pty) Ltd,81409.06,61958.82,0.0,0.0,0.0,143367.88
C006413,CONCENTRIX CVG SOUTH AFRICA (PTY) LTD,114277.98,27820.25,0.0,0.0,0.0,142098.23
C001201,TOUCHNET TELECOMMUNICATIONS CC,37972.12,37972.12,32900.38,26705.79,6325.92,141876.33
C005791,FINRITE ADMINISTRATORS (PTY) LTD,0.0,0.0,0.0,0.0,141719.15,141719.15
C000830,Yaxxa (Pty) Ltd,141238.22,0.0,0.0,0.0,0.0,141238.22
C005189,NON-LINEAR EVOLUTION,56341.95,83017.2,0.0,0.0,0.0,139359.15
C006385,RIGHT CLICK MEDIA DIGITAL SOLUTIONS,0.0,0.0,0.0,0.0,137986.2,137986.2
TAL003,Talk IP (Pty) Ltd,146554.94,8713.07,0.0,0.0,0.0,137841.87
C005635,SIMPLICLOUD SA,15744.73,15744.73,13667.69,0.0,92140.37,137297.52
C006551,AFRICA LEARN (PTY) LTD,44850.0,44850.0,44850.0,0.0,0.0,134550.0
C005111,WS Audiology South Africa (Pty) Ltd,0.0,0.0,14948.85,14948.85,104641.95,134539.65
BAN003,Bank of Botswana,38172.8,38172.8,38172.8,3817.28,15531.53,133867.21
C000354,United States Agency For International Development,25227.22,7235.8,942.71,2247.89,97378.19,128536.03
C000054,Maersk South Africa (Pty) Ltd,42311.95,42311.95,43359.48,0.0,0.0,127983.38
C004845,IKEJA WIRELESS,127949.75,0.0,0.0,0.0,0.0,127949.75
C005970,VERSUS SPORTS (PTY) LTD,0.0,0.0,11164.53,8048.85,108659.45,127872.83
SAI002,Huge Networks (Pty) Ltd,127545.83,0.0,0.0,0.0,0.0,127545.83
C006010,ELECTRONIC TOLL COLLECTION (PTY) LTD,125964.1,0.0,0.0,0.0,0.0,125964.1
C000205,Collaborative IT Solutions (Pty) Ltd,62742.85,62742.85,0.0,0.0,0.03,125485.67
C000259,Business Partners Limited,123988.4,1092.5,0.0,0.0,0.68,122895.22
C006501,THE CORE COMPUTER BUSINESS (PTY) LTD,57353.95,111816.65,46474.84,0.0,0.0,122695.76
ENT002,Entelect Software (Pty) Ltd,119003.45,2930.2,0.0,0.0,0.0,121933.65
C004318,Grinaker-LTA (Pty) Ltd (GLTA),40568.55,40568.55,40568.55,0.0,0.0,121705.65
FIR001,Fire IT (Pty) Ltd,60354.66,7243.97,6973.97,7243.97,37449.11,119265.68
C005298,TRUVELO SPECIALISED MANUFACTURING,13146.64,13099.56,13102.41,13134.3,66691.61,119174.52
FAL001,Falcon Electronics (Pty) Ltd,7128.85,7128.85,7128.85,7128.85,89803.9,118319.3
ITE001,Itec Communications (Pty) Ltd,115038.21,147133.09,0.0,0.0,147133.09,115038.21
C000025,Level 7 Wireless (Pty) Ltd T/A Level 7 Internet,113434.85,0.0,0.0,0.0,0.0,113434.85
ONE004,One Point Hosting,8522.65,8522.65,8522.65,0.0,86801.34,112369.29
C003777,NISSAN SOUTH AFRICA (PTY) LTD,55315.0,55315.0,0.0,0.0,994.74,111624.74
C000405,Accelerit Technologies (Pty) Ltd,53752.27,53752.27,0.0,0.0,0.0,107504.54
INN004,Innovation Hub Technologies (Pty) Ltd,32984.42,36088.27,35404.57,580.17,0.0,105057.43
SKY002,Skylight Investments 51CC (R),97050.13,0.0,0.0,0.0,7499.09,104549.22
RED001,Red Bull South Africa (Pty) Ltd,102495.91,0.0,0.0,0.0,0.01,102495.9
C000352,Clear Channel Business Technology (Pty) Ltd,101506.26,0.0,0.0,0.0,0.0,101506.26
C000008,Odek Technologies (Pty) Ltd,98818.57,74.52,0.0,0.0,0.0,98893.09
C000469,Bordar Tile Wholesalers (Pty) Ltd,8048.85,8048.85,8048.85,8048.85,65987.46,98182.86
C004401,AUDITOR-GENERAL OF SOUTH AFRICA,19547.7,19547.7,19547.7,19547.7,19548.0,97738.8
C000614,Arthur Kaplan (Pty) Ltd T/A Arthur Kaplan,10805.4,10805.4,10805.4,10805.4,54027.0,97248.6
C004869,SOUTH AFRICAN BANKER SERVICES COMPANY LIMITED,96970.05,0.0,0.0,0.0,0.0,96970.05
C001076,Nerdworks (Pty) Ltd t/a Dial a Nerd,96516.03,0.0,0.0,0.0,0.0,96516.03
C000111,Van der Venter Mojapelo (Pty) Ltd,95615.6,457.7,0.45,0.0,0.0,96073.75
C000359,Yolo Telecoms (Pty) Ltd,94817.06,0.0,0.0,0.0,0.0,94817.06
ICL001,iClix (Pty) Ltd,94640.4,0.0,0.0,0.0,0.0,94640.4
C000059,Werksmans Incorporated T/A Werksmans Attorneys,85335.35,0.0,0.0,0.0,7473.85,92809.2
C005162,LITTLE CREEK TRADING 652 CC T/A CLOUD COMPANY,52210.24,40442.29,0.0,0.0,0.0,92652.53
C005806,MUR SHIPPING R.S.A,45880.4,45880.4,0.0,0.0,0.0,91760.8
C005136,PEC UTILITY MANAGEMENT (PTY) LTD,88668.69,0.0,0.0,0.0,0.0,88668.69
C003610,Vumatel (Pty) Ltd,88219.38,0.0,0.0,0.0,0.0,88219.38
MOB004,Mobile Telecommunications,81650.0,0.0,0.0,0.0,5750.0,87400.0
C001249,Witronics (Pty) Ltd,0.0,0.0,0.0,0.0,86980.62,86980.62
C004690,FORCEPOINT CLOUD LIMITED,84472.35,286.81,2198.53,0.0,0.0,86957.69
GAL001,Galix Networking (Pty) Ltd       (R),50134.25,2074.37,0.0,611.03,33150.78,85970.43
PRI001,Primeline,0.0,0.0,0.0,0.0,85150.08,85150.08
GOL002,Goldtel Industries (Pty) Ltd,63988.5,6207.94,12930.71,22893.4,16934.35,84677.6
ICT001,ICT Globe Management (Pty) Ltd,28352.1,28352.1,0.0,27259.6,0.0,83963.8
REU001,Plus1X Solutions (Pty) Ltd,9633.55,9633.55,0.0,0.0,64230.42,83497.52
C005995,BRIX METALLURGY (PTY) LTD,11741.41,11741.41,11741.41,11741.41,35224.23,82189.87
C005206,PAN-AFRICAN PARLIAMENT,41055.0,0.0,0.0,41055.0,0.0,82110.0
C000522,Embassy of USA,69576.96,990.15,8048.85,0.0,5142.4,81778.06
DHL001,DHL International (Pty) Ltd t/a DHL Express,16707.2,0.0,0.0,0.0,64745.49,81452.69
THE001,Divad Technologies T/A The IT Company,49832.04,39033.37,0.0,0.0,8371.21,80494.2
C000779,Krypton PCs CC,79180.95,0.0,0.0,0.0,0.0,79180.95
C005607,TSOGO SUN CASINO MANAGEMENT COMPANY (PTY) LTD,38636.55,42028.85,1763.15,0.0,0.0,78902.25
C001169,DATAMASS (PTY) LTD,35882.64,0.0,0.0,0.0,42207.82,78090.46
C006860,ICG MEDICAL SOUTH AFRICA (PTY) LTD,15523.85,15523.85,15523.85,31047.7,0.0,77619.25
C005075,CLASSIC BLUE TRADE,2873.85,2873.85,2873.85,2873.85,66098.55,77593.95
C000242,VO Connect (Pty) Ltd,19090.0,17250.0,17250.0,23000.0,0.0,76590.0
FIR003,FirstNet Technology Service (Pty) Ltd,76475.0,0.0,0.0,0.0,0.0,76475.0
KIR001,Kiron Interactive (Pty) Ltd,0.0,0.0,0.0,19463.64,56566.2,76029.84
CLI001,Cliffe Dekker Hofmeyr,75780.4,0.0,0.0,0.0,0.0,75780.4
C006278,GAUTRAIN MANAGEMENT AGENCY,39303.9,36045.53,0.0,0.0,0.0,75349.43
C000373,Automation Resource Communication Tech (Pty)Ltd T/A Arc Tech,38988.69,38988.69,6207.82,0.0,9152.14,75033.06
KZ001148,THE HILTONIAN SOCIETY,74748.85,0.0,0.0,0.0,0.0,74748.85
C005335,PEPKORFIN A DIVISION OF PEPKOR TRADING (PTY) LTD,71561.22,11726.32,0.0,0.0,8632.94,74654.6
C001008,Bidvest Data ADO Bidvest Paperplus (Pty) Ltd,7016.5,0.0,0.0,0.0,67269.25,74285.75
C000824,iBoss Inc,69810.97,0.0,3108.99,0.0,0.0,72919.96
C004908,DOUGLASDALE DAIRY (PTY) LTD,72326.95,0.0,0.0,0.0,0.0,72326.95
C000929,Network Alliance Internet (Pty) Ltd T/A Network Alliance,72186.2,0.0,0.0,0.0,0.0,72186.2
C006277,MEDIA24 (PTY) LTD,31160.4,31160.4,8048.85,1609.77,0.0,71979.42
MUS001,MUSHROOM MEDIA (PTY) LTD,71252.69,0.0,0.0,0.0,0.0,71252.69
C005878,AFRICAN HOTELS AND ADVENTURES A DIVISION OF TOURVEST HOLDING (PTY) LTD,18916.35,18916.35,18916.35,13077.07,0.0,69826.12
C000784,Silkway Solutions (Pty) Ltd,69342.94,0.0,0.0,0.0,0.0,69342.94
C005186,PRAXIA TECHNOLOGIES CC,34382.7,34382.7,0.0,0.0,0.0,68765.4
C000537,Sasfin Bank Limited,68606.13,0.0,0.0,0.0,0.0,68606.13
C005656,HUDACO TRADING (PTY) LTD T/A RUTHERFORD,53555.89,13192.36,4598.85,0.0,6239.31,68388.71
C006274,ACA GROUP (PTY) LTD,0.0,0.0,0.0,26077.4,41976.73,68054.13
DPT001,DPT Solutions (Pty) Ltd,67914.41,0.0,0.0,0.0,0.0,67914.41
C000143,Interlink Business Solutions (Pty) Ltd,47842.71,19796.51,0.0,0.0,0.0,67639.22
SYR001,INQ Digital South Africa (Pty) Ltd,67086.07,0.0,0.0,0.0,0.0,67086.07
SAB002,Sabinet Online Ltd,66698.43,0.0,0.0,0.0,0.0,66698.43
BLU003,Blue Diamond Trading 226 CC (BVS),65592.35,0.0,0.0,0.0,0.0,65592.35
ELE003,Electro Mechanica,64980.01,0.0,0.0,0.0,0.0,64980.01
SOU001,SOUTHEY HOLDINGS (PTY) LTD,64736.95,0.0,0.0,0.0,0.0,64736.95
C004767,IGAGU COMMUNICATIONS T/A IGAGU SOLUTIONS,0.0,0.0,0.0,0.0,64697.92,64697.92
C000672,Brilliant Telecommunications (Pty) Ltd t/a Brilliantel (Pty),32159.75,32159.75,0.0,2.63,0.0,64316.87
C006062,ENVIROMONGZ PROJECTS T/A ENVIROMONGZ PROJECTS,24406.45,24406.45,14768.66,0.0,0.0,63581.56
C005086,ACCELERATE IT TECHNOLOGIES (PTY) LTD,62068.65,3894.2,3894.2,0.0,0.0,62068.65
C005801,Q-TAX AND BOOKKEEPING INC (PTY) LTD,4677.34,4677.34,4677.34,4677.34,42665.39,61374.75
C000132,New Clicks South Africa,35397.43,25297.43,0.0,0.0,0.0,60694.86
C006420,IOT.NXT (PTY) LTD,60174.9,0.0,0.0,0.0,0.0,60174.9
C000989,EOH Mthombo (Pty) Ltd,1378.85,1378.85,6266.35,6266.35,44743.05,60033.45
C001114,Nplus1 Solutions and IT Services (Pty) Ltd,46738.39,12126.84,0.0,0.0,897.0,59762.23
C000322,Pam Golding Properties (Pty) Ltd,59131.92,0.0,0.0,0.0,0.0,59131.92
TAL001,Talksure Trading (Pty) Ltd,59019.96,0.0,0.0,0.0,0.0,59019.96
CLO001,Tarsus on Demand Pty Ltd,29461.85,29461.85,0.0,0.0,0.0,58923.7
AND002,Andile Solutions (Pty) Ltd,35815.97,21683.2,0.0,0.0,0.02,57499.15
C005265,DRA Projects SA (Pty) Ltd,57466.82,0.0,0.0,0.0,0.0,57466.82
C000549,TRISKELION INTERNET (PTY) LTD,57325.2,0.0,0.0,0.0,0.0,57325.2
C005847,SEABOURNE INXPRESS (PTY) LTD,56105.05,1148.85,0.0,0.0,0.0,57253.9
C000035,Internet Solutions ( (ex Photon),28520.0,28520.0,0.0,736.0,0.0,56304.0
C005864,ERICSSON SOUTH AFRICA (PTY) LIMITED,228.85,228.85,228.85,228.85,54726.09,55641.49
GLO003,GLOBAL NETWORK SYSTEMS (PTY) LTD,45772.51,714.44,9114.58,0.0,0.0,55601.53
WIL001,Wilderness Safaris (Pty) Ltd,18857.7,18857.7,5738.24,5390.07,16672.83,54736.4
C000160,Emerge Customer Flow Management (Pty) Ltd,18018.89,18502.78,18175.16,0.0,0.0,54696.83
C000720,Vericred Collections (Pty) Ltd,54622.84,0.0,0.0,0.0,0.0,54622.84
C006106,TOMAHAWK ACCESSORIES (PTY) LTD,0.0,0.0,0.0,0.0,54384.75,54384.75
C005615,KLOUDER (PTY) LTD,0.0,0.0,0.0,0.0,54325.23,54325.23
C000961,United International Pictures (South Africa),53528.48,0.0,0.0,0.0,0.0,53528.48
PHA002,Phase 1 Computer Services,53091.14,0.0,0.0,0.0,0.0,53091.14
SOL001,Solid Hope Trading t/a Mangwatha Technologies,0.0,0.0,0.0,0.0,52717.81,52717.81
C005040,CHRIS HANI BARAGWANATH NURSING COLLEGE,12648.85,12648.85,12648.85,0.0,14725.11,52671.66
C000207,Directel Communications (Pty) Ltd,11326.12,41319.5,0.0,0.0,0.0,52645.62
C005235,SPADEFISH INVESTMENTS (PTY) LTD T/A INTERNATIONAL CASH N CAR,0.0,0.0,0.0,0.0,52310.05,52310.05
CPC001,CPC Plus Solutions (R),21898.42,0.0,0.0,0.0,30387.34,52285.76
C000229,Averda South Africa (Pty) Ltd,51828.41,0.0,0.0,0.0,0.0,51828.41
C006114,I O VERIFIED (PTY) LTD,0.0,0.0,0.0,0.0,51750.0,51750.0
C000694,African Bank Limited,17248.85,17248.85,17248.85,0.0,0.0,51746.55
DYN001,DYNACOMM,51660.42,0.0,0.0,0.0,0.0,51660.42
COM008,Computershare Investor Services (Pty) Ltd,10336.2,10336.2,10336.2,10336.2,10306.2,51651.0
C005921,ACCTECH SYSTEMS (PTY) LTD,0.0,0.0,0.0,0.0,51552.98,51552.98
SAM001,Samcom Telecommunications CC,7243.97,7243.97,7243.97,7243.97,21731.91,50707.79
BAR002,Barloworld Equipment (Pty) Ltd,25298.85,25298.85,0.0,0.0,0.0,50597.7
C000232,Oxbow Office Equipment (Pty) Ltd T/A Oxbow,20795.56,6250.92,0.0,611.12,22354.71,50012.31
VDT001,V&D Telecomms t/a Voice and Data (Pty) Ltd,0.0,0.0,0.0,0.0,49588.0,49588.0
C001059,Aeroklas Duys (Pty) Ltd,49559.71,0.0,0.0,0.0,0.0,49559.71
C001045,Spill Tech (Pty) Ltd,49335.08,0.0,0.0,0.0,0.0,49335.08
C000345,Universal Information Technologies (Pty) Ltd T/A UIT,63470.03,14747.6,0.0,0.0,0.0,48722.43
MET003,Metacom (Pty) Ltd,50950.75,2379.35,0.0,0.0,0.0,48571.4
C000428,5th Mountain Networks (Pty) Ltd,47964.44,0.0,0.0,0.0,0.0,47964.44
C004719,N3TAfrica (Pty) Ltd,3189.24,0.0,3189.24,3189.24,38348.4,47916.12
C005648,NEC XON SYSTEMS PROPRIETARY LIMITED,6767.75,6767.75,6767.75,6767.75,20077.65,47148.65
C006522,HOERSKOOL DIE FAKKEL HIGH SCHOOL,4788.6,4788.6,4788.6,4788.6,27714.08,46868.48
BOX001,ALPLA Packaging SA (Pty) Ltd,45936.75,0.0,0.0,0.0,0.0,45936.75
C000866,Leeu Collection South Africa (Pty) Ltd,41991.1,0.0,0.0,0.0,3301.65,45292.75
C000853,DACHSER South Africa (Pty) Ltd,44786.75,0.0,0.0,0.0,0.0,44786.75
C006912,Turrito Networks (Pty) Ltd (USD Account),47829.15,3265.49,0.0,0.0,0.0,44563.66
C000742,Netlayer (Pty) Ltd,38774.55,0.0,0.0,0.0,5576.46,44351.01
C006305,CLOSURE ORIGINAL (PTY) LTD T/A CLUB PARADISE,2873.85,2873.85,2873.85,2873.85,32595.72,44091.12
C005472,SIDMEDIA NPC,0.0,0.0,0.0,0.0,43922.73,43922.73
C005037,GAUTENG DEPT OF HEALTH T/A BONALESEDI NURSING COLLEGE,20905.85,20905.85,11021.6,0.0,13073.23,43863.33
ESC001,Executive Solutions (Pty) Ltd,43732.61,0.0,0.0,0.0,0.0,43732.61
PSA047,Datafox (Pty) Ltd,0.0,43323.88,0.0,0.0,0.06,43323.82
C000882,TF IT Holdings (Pty) Ltd,8613.5,8613.5,8613.5,8613.5,8613.5,43067.5
C005996,AFRICAN RAINBOW MINERALS LIMITEDT/A ARM LIMITED,42962.16,0.0,0.0,0.0,0.0,42962.16
C000542,CFAO Holdings South Africa (Pty) Ltd,42827.15,629.27,0.0,0.0,629.17,42827.25
C006134,GLS CONSULTING (PTY) LTD,41673.9,1144.25,0.0,0.0,0.0,42818.15
C005261,ACDC EXPRESS SOUTHGATE (PTY) LTD,7127.7,7127.7,7127.7,7127.7,14255.4,42766.2
C005151,Adapt GL Pty Ltd,21330.2,21330.2,0.0,0.0,0.0,42660.4
C005179,UNITED CHARTER SERVICES,0.0,0.0,0.0,6093.85,36563.1,42656.95
C000778,Internet NS (Pty) Ltd t/a Internet-SA,21309.5,21309.5,0.5,0.0,0.0,42619.5
SAN002,S & F Mngm Services (Pty) Ltd t/a Spoor & Fischer,42584.16,0.04,0.0,0.0,0.0,42584.2
GLO002,Global Micro Solutions (Pty) Ltd,42467.59,0.0,0.0,0.0,0.0,42467.59
C001091,TRADEVEST 293 (PTY) LTD,21048.45,0.0,21047.05,0.0,0.0,42095.5
XDS001,X-DSL Networking Solutions (Pty) Ltd,41877.25,0.0,0.0,0.0,0.0,41877.25
C000365,Nudebt Management (Pty) Ltd,20447.06,20447.06,0.0,0.0,0.0,40894.12
C005393,INTENSE BROADBAND,0.0,1965.35,1965.35,1965.35,34882.35,40778.4
C005354,ACME GRAPHICS (PTY) LTD,40705.4,0.0,0.0,0.0,0.0,40705.4
C006643,JOHHANESBURG METROPOLITIAN BUS SERVICES,4023.85,4023.85,4023.85,4023.85,24570.08,40665.48
C006294,DASH BPO SOUTH AFRICA (PTY) LTD,40016.55,0.0,0.0,0.0,0.0,40016.55
COO001,Co-Operative Computing,39891.44,0.0,0.0,0.0,0.0,39891.44
C000296,TradeSwitch (Pty) Ltd,39803.8,0.0,0.0,0.0,0.0,39803.8
C000138,Kurlec Wireless (Pty) Ltd,39627.9,0.0,0.0,0.0,0.0,39627.9
C006230,PR STAFFING SA,0.0,0.0,0.0,0.0,39457.58,39457.58
C000875,Stevens and Co (Pty) Ltd,39382.9,0.0,0.0,0.0,0.0,39382.9
DEE001,Deep South Technologies,4449.35,4449.35,0.0,0.0,30436.05,39334.75
C000382,General Conference of SDA Southern Africa,41625.4,0.0,228.85,0.0,2905.6,38948.65
ILL001,Illovo Sugar Africa (Pty) Ltd,27022.7,11684.7,0.0,0.0,0.0,38707.4
C001027,United Nations - World Food Programme,1270.75,21840.8,0.0,21840.8,36988.24,38258.99
C005479,SASANI AFRICA,38028.32,0.0,0.0,0.0,0.0,38028.32
C000109,Wasp Telecoms (Pty) Ltd,35023.37,11652.76,9479.38,0.0,0.0,37196.75
C001055,Digicall Management Services (Pty) Ltd,37005.85,0.0,0.0,0.0,0.0,37005.85
SUM001,Summit Networks CC,37000.22,0.0,0.0,0.0,0.0,37000.22
C006774,GIZ SOUTH AFRICA,7473.85,7473.85,7473.85,10366.95,4025.0,36813.5
C006293,EPICRANGE ONLINE (PTY) LTD,3678.85,3678.85,3678.85,3678.85,22073.1,36788.5
C003798,TRANSACTION JUNCTION (PTY) LTD,36455.0,0.0,0.0,0.0,0.0,36455.0
LAW001,Lawyers for Human Rights,8697.74,9134.35,9222.53,8956.95,0.0,36011.57
C006164,ABR AND SMCG (PTY) LTD,1723.85,1723.85,1723.85,1723.85,28788.3,35683.7
AYO001,Ayoba Telecom Pty Ltd t/a Ayoba Communications (R),28062.52,0.0,2958.95,3945.27,0.0,34966.74
C005988,SW SECURITY SOLUTIONS SA (PTY) LTD,34898.02,0.0,0.0,0.0,0.0,34898.02
C006478,ENNIS-FLINT AFRICA (PTY) LTD,34502.58,0.0,0.0,0.0,0.0,34502.58
C004089,UNITED NATIONS POPULATION FUND,17248.85,17248.85,0.0,0.0,1.0,34498.7
C005840,CATALYSIS SYSTEMS CC,34496.55,0.0,0.0,27.0,27.0,34496.55
ALB001,AlBaraka Bank Limited T/A Al Baraka Bank,34496.55,0.0,0.0,0.0,225.63,34270.92
C003781,Fintech Campus,33921.55,0.0,0.0,0.0,0.0,33921.55
C004264,"VEHICLE DELIVERY SERVICES, A DIVISION OF ONELOGIX (PTY) LTD",33870.95,0.0,0.0,0.0,0.0,33870.95
C001016,Majuba Technologies (Pty) Ltd,11475.85,11475.85,10902.8,0.0,0.0,33854.5
GLO005,Global Payment Tech a Div of Bidvest Protea Coin (Pty) Ltd,30998.25,2728.02,0.0,0.0,0.0,33726.27
C004914,DUNLOP BELTING PRODUCTS (PTY) LTD,33721.16,0.0,0.0,0.0,0.0,33721.16
C000735,Scuderia South Africa (Pty) Ltd,29441.05,2300.0,24106.35,25601.43,0.0,33236.13
UNI003,UnitedTech Ltd,33172.23,0.0,0.0,0.0,0.0,33172.23
SIL001,Silicon Sky Consulting (Pty) Ltd,33061.35,0.0,0.0,0.0,0.0,33061.35
C000841,Global Investment Reporting (Pty) Ltd,7473.85,0.0,0.0,0.0,25324.02,32797.87
C001018,Ubits Technology Solutions CC,6555.0,6555.0,6555.0,6555.0,6555.0,32775.0
ENV001,EnviroServ Waste Management (Pty) Ltd,32522.23,0.0,0.0,0.0,0.0,32522.23
C006012,AFRICAN ALLIANCE ADVISORY (PTY) LTD,32494.64,0.0,0.0,0.0,0.0,32494.64
C000993,Merchants SA (Pty) Ltd,32225.2,0.0,0.0,0.0,0.0,32225.2
SYB001,Sybrin Systems (Pty) Ltd,32197.7,0.0,0.0,0.0,0.0,32197.7
C000986,Fourways Veterinary Hospital Inc,32036.49,0.0,0.0,0.0,0.0,32036.49
ISN001,ISN Managed Services (Pty) Ltd,32007.67,0.0,0.0,0.0,0.0,32007.67
C000387,ASG Computers T/A ASG IT Support Services,31945.97,0.0,0.0,0.0,0.0,31945.97
C001028,Trackside Racing Services CC,2272.86,2272.86,2272.86,2272.86,22728.6,31820.04
C004890,IT WORLD SA (PTY) LTD,0.0,0.0,0.0,0.0,31360.32,31360.32
C004952,MIX TELEMATICS INTERNATIONAL (PTY) LTD,31293.12,0.0,0.0,0.0,0.0,31293.12
C004763,Borg Telecom (Pty) Ltd,0.0,21991.45,9285.1,0.0,0.0,31276.55
THU001,Thuso Internet Service Provider (Pty) Ltd (R),31044.37,0.0,0.0,0.0,0.0,31044.37
BAR004,"Barone, Budge & Dominick (Pty) Ltd",30874.05,0.0,0.0,0.0,0.0,30874.05
C006762,ADAPT GL (PTY) LTD,15402.14,15402.14,0.0,0.0,0.0,30804.28
C005032,FOURSIGHT HOLDINGS (PTY) LTD,2059.31,2059.31,2059.31,2059.31,22453.12,30690.36
ALL004,Allen and Overy LLP,8895.25,8895.25,8895.25,0.0,3907.66,30593.41
C001240,Weylandts Furniture Cape Town (Pty) Ltd,30528.74,0.0,0.0,0.0,0.0,30528.74
ENE001,Enetworks (Pty) Ltd,30475.0,0.0,0.0,0.0,0.0,30475.0
C000957,Peresec Technology Solutions (Pty) Ltd,30373.55,0.0,0.0,0.0,0.0,30373.55
C000831,Anchor Capital (Pty) Ltd - PLEASE USE WCANCCAP,30356.55,0.0,0.0,0.0,0.0,30356.55
C000391,LNW Gaming Africa (PTY) Ltd,30325.5,0.0,0.0,0.0,0.0,30325.5
C005351,OCEANA GROUP (PTY) LTD,30207.46,0.0,0.0,0.0,0.0,30207.46
C003802,Intellitech Systems (Pty) Ltd,0.0,0.0,0.0,15073.83,15073.83,30147.66
C000920,Edge Connect (Pty) Ltd,30003.5,0.0,0.0,0.0,0.0,30003.5
C000765,Century City Conference Centre & Hotel (Pty) Ltd,29898.85,0.0,0.0,0.0,0.0,29898.85
C000722,St John's College,29898.32,0.0,0.0,0.0,0.0,29898.32
C000029,DLA Piper Advisory Services Proprietary Limited,0.0,0.0,0.0,57948.87,87630.0,29681.13
ERI002,ERIS PROPERTY GROUP (PTY) LTD,29663.1,0.0,0.0,0.0,0.0,29663.1
C001067,Ditshimega Projects And Training (Pty) Ltd,29605.6,0.0,0.0,0.0,0.0,29605.6
DIG003,Digicore Electronics,29434.25,0.0,0.0,0.0,0.0,29434.25
C006129,RICHFIELD GRADUATE INSTITUTE OF TECHNOLOGY (PTY) LTD,29340.09,0.0,0.0,0.0,0.0,29340.09
C000682,Tulsawize Investments (Pty) Ltd t/a Saige Solutions,29322.7,0.0,0.0,0.0,0.0,29322.7
BLU004,Blue Label Distribution (Pty) Ltd,29320.4,0.0,0.0,0.0,0.0,29320.4
PSA045,One Point Hosting,0.0,11684.92,0.0,11684.92,5842.46,29212.3
C001184,BDC Wireless Solutions CC,0.0,0.0,0.0,0.0,29036.52,29036.52
SPE001,Third Stream (Pty) Ltd,28416.19,0.0,0.0,0.0,0.0,28416.19
C004944,SOLIDHOPE TECH (PTY) LTD,5978.85,4765.4,0.0,0.0,17311.69,28055.94
C006458,SICON SOUTH AFRICA (INCORPORATED IN THE ITALIAN REPUBLIC) EXTERNAL COMPANY,6996.6,17823.83,6996.6,6996.6,24820.43,27986.4
C005808,PANGEA MADE (PTY) LTD,27942.7,0.0,0.0,0.0,0.0,27942.7
C005141,MAVERICK CLOUD TECHNOLOGIES,27763.3,0.0,0.0,0.0,0.0,27763.3
DIS001,Dis-Chem Pharmacies Ltd,13798.85,13798.85,0.0,0.0,0.0,27597.7
C005570,SAUTECH (PTY) LTD,27251.55,0.0,0.0,0.0,0.0,27251.55
C000543,New Star Networks (Pty) Ltd,27161.18,0.0,0.0,0.0,0.0,27161.18
C000708,Computicket (Pty) Ltd,27023.85,0.0,0.0,0.0,0.0,27023.85
IQB001,IQ Business (Pty) Ltd,26591.74,0.0,0.0,0.0,0.0,26591.74
C003892,Axin Underwriting and Administration (Pty) Ltd,11222.97,15188.0,0.0,0.0,0.0,26410.97
ALT001,Altron TMT (Pty) Ltd T/A Bytes Systems,13154.85,13154.85,0.0,0.0,0.0,26309.7
C001210,REWARDSCO SALES (PTY) LTD,26305.1,0.0,0.0,0.0,0.0,26305.1
C000691,IP Labs Communications (Pty) Ltd T/A IPComms,0.0,0.0,0.0,0.0,25927.49,25927.49
BED001,Beden Networks T/A Beden Supplies,25652.38,0.0,0.0,0.0,0.0,25652.38
C006048,MORE REAL INFORMATION TECHNOLOGY PTY LTD,12706.35,12706.35,0.0,0.0,0.0,25412.7
C006655,OASIS INTELLIGENT IT SOLUTIONS (PTY) LTD,0.0,12662.65,12662.65,2.0,0.0,25327.3
C005986,CO OPERATIVE COMPUTING IT SOLUTIONS,25310.35,0.0,0.0,0.0,0.0,25310.35
C000471,Workerlife Management Services (Pty) Ltd,25298.85,0.0,0.0,0.0,0.0,25298.85
C006890,Universal Office Automative Solutions (Pty) Ltd,25287.96,0.0,0.0,0.0,0.0,25287.96
MOR001,Morupa Marketing & Comm Pty Ltd t/a Morupa Data,17263.92,7841.62,0.0,0.0,0.0,25105.54
BLU002,Blue Ion Support Services (Pty) Ltd,24992.95,0.0,0.0,0.0,0.0,24992.95
C006648,NesBizz (Pty) Ltd,24991.44,0.0,0.0,0.0,0.0,24991.44
C004791,DIGITAL COPIER CONNECTION (PTY) LTD T/A KONICA MINOLTA INDAB,24837.94,0.0,0.0,0.0,0.0,24837.94
C006552,MSTSV PROPERTIES (PTY) LTD,0.0,9198.85,15634.7,0.0,0.0,24833.55
HEL001,Hellmann Worldwide Logistics (Pty) Ltd,24669.8,0.0,0.0,0.0,0.0,24669.8
C006659,TRUWORTHS LIMITED,12217.77,12217.77,0.0,0.0,0.0,24435.54
OCU001,Ocular Technologies (Pty) Ltd,0.0,0.0,0.0,0.0,24377.03,24377.03
C001140,Comit Technologies (Pty) Ltd t/a Ignition Group,24344.35,0.0,0.0,0.0,0.0,24344.35
TER004,Teraco Data Environments (Pty) Ltd,12168.44,12168.44,0.0,0.0,0.0,24336.88
TRA003,Trade Ocean Shipping Services,24259.25,0.0,0.0,0.0,0.0,24259.25
C005257,UPPER HIGHWAY ESTATES CC T/A REMAX TOTI,8048.85,8048.85,8048.85,0.0,0.0,24146.55
FAD001,Fadhle Trading (Pty) Ltd t/a Prospin Consultants,6093.85,6093.85,6093.85,5463.7,0.0,23745.25
C005906,TUPPERWARE SOUTHERN AFRICA (PTY) LTD,23630.2,0.0,0.0,0.0,0.0,23630.2
C005225,KEVIN REHSE T/A CIRCUIT BREAKER SYSTEMS,23585.59,0.0,0.0,0.0,0.0,23585.59
C000044,Blue Sky Satelite Communications,22968.95,0.0,0.0,0.0,610.95,23579.9
C000812,Adnexus Celerity Networks (Pty) Ltd,11500.0,11500.0,0.0,0.0,0.0,23000.0
AFR005,ONAFRIQ SOUTH AFRICA,22998.85,0.0,0.0,0.0,0.0,22998.85
C001012,Lionshead Holdings (Pty) Ltd t/a 360 Business Parks,0.0,11498.85,11498.85,0.0,0.0,22997.7
C000902,Datalink Wholesale SA (Pty) Ltd,0.0,0.0,0.0,0.0,22990.8,22990.8
COL001,Collaborative Packing Solutions t/a COSO Packaging,22930.54,0.0,0.0,0.0,0.0,22930.54
C005606,SILVER LINING TELCO (PTY) LTD,0.0,0.0,0.0,0.0,22863.03,22863.03
C005124,ROCKET FIBRE CO,22790.7,0.0,0.0,0.0,0.0,22790.7
C005937,N2IT SOLUTIONS (PTY) LTD,7588.85,7588.85,7588.85,0.0,0.0,22766.55
ARC003,Arc International Telecoms (Pty) Ltd,24524.33,0.0,0.0,0.0,1799.52,22724.81
C006175,QUINTICO INVESTMENTS CC T/A REGUS@ DCC,3678.85,1300.65,3678.85,3678.85,10300.78,22637.98
C006158,TSOGO SUN (CALEDON CASINO),11500.0,11500.0,0.0,0.0,370.97,22629.03
DEC001,Decer Computers CC (R),22565.54,0.0,41.42,41.42,0.0,22565.54
C000349,Africa Big Five Investment and Travels CC,22480.37,0.0,0.0,0.0,0.0,22480.37
C000696,4C Technology (Pty) Ltd,0.0,0.0,0.0,0.0,22366.87,22366.87
C000772,Intelys Technology Africa (Pty) Ltd,5570.6,5570.6,5570.6,5570.6,0.0,22282.4
C001208,MITIGATE SECURITY SERVICES (PTY) LTD,22077.7,0.0,0.0,0.0,0.0,22077.7
SUL001,Sulzer Pumps SA (Pty) Ltd,11038.85,11038.85,0.0,0.0,0.0,22077.7
C006383,KIRSTENHOF CRIME WATCH,1286.39,1286.39,1286.39,1286.39,16764.56,21910.12
CON010,Concordia International Forwarding (Pty) Ltd,21888.88,0.0,0.0,0.0,0.0,21888.88
C006386,BREAD AND BARREL GUESTHOUSE,2402.35,2402.35,2402.35,2402.35,12107.87,21717.27
C001258,ZARODEK (PTY) LTD,21528.0,0.0,0.0,0.0,0.0,21528.0
C005637,FOORD ASSET MANAGEMENT (PTY) LTD T/A FOORD,21399.2,0.0,0.0,0.0,0.0,21399.2
C006489,EVERGRAND TECHNOLOGIES (PTY) LTD,10578.85,10578.85,0.0,0.0,0.0,21157.7
KIN001,Kindle Insurance Technologies,21042.7,0.0,0.0,0.0,0.0,21042.7
C003769,NETCAMPUS (PTY) LTD.,20934.14,0.0,0.0,0.0,0.0,20934.14
DOR001,DORMAC ADO SOUTHEY HOLDINGS,20926.55,0.0,0.0,0.0,0.0,20926.55
WCFOLCOF,Folk Coffee Anthropology,0.0,1493.85,1493.85,1493.85,16432.35,20913.9
BES001,Bestmed,20881.7,0.0,0.0,0.0,0.0,20881.7
C006880,C2 COMPUTER INVESTMENTS PTY LTD,6415.85,14402.57,0.0,0.0,0.0,20818.42
C003772,ACWA Power Energy Africa (Pty) Ltd,10406.35,10406.35,0.0,0.0,0.0,20812.7
J2S001,J2  Software (Pty) Ltd   (R),20742.79,0.0,0.0,0.0,0.0,20742.79
C006208,GARMIN SOUTHERN AFRICA (PTY) LTD,20697.7,0.0,0.0,0.0,0.0,20697.7
C001177,CENTENNIAL WIRELESS (PTY) LTD,20518.47,0.0,0.0,0.0,0.0,20518.47
C005898,STUPEL & BERMAN INC,0.0,6553.85,0.0,0.0,13913.11,20466.96
C000624,Entersekt (Pty) Ltd,20238.85,0.01,0.0,0.0,0.0,20238.86
CLO002,Clover SA (Pty) Ltd,33807.7,0.0,0.0,13788.0,0.03,20019.67
C000570,GCMT South Africa (Pty) Ltd,10348.85,9644.08,0.0,0.0,0.0,19992.93
C005421,ASIZWE CORP (PTY) LTD,2885.35,2819.62,2885.35,0.0,16665.83,19616.91
C005930,WINGS TRAVEL MANAGEMENT (PTY) LTD,19317.7,0.0,0.0,0.0,0.0,19317.7
MIN006,Mindpearl South Africa (Pty) Ltd,19088.85,0.0,0.0,0.0,0.0,19088.85
C000176,Osprey Technologies CC,0.0,21309.22,23552.0,15421.22,5888.0,19066.44
C000878,Giftwrap Trading (Pty) Ltd,4523.2,4543.71,4835.29,5134.34,0.0,19036.54
C006614,INCEPTION IT SOLUTIONS AND SERVICES (PTY) LTD,11336.7,7676.86,0.0,0.0,0.0,19013.56
C005095,STM COMMUNICATION (PTY) LTD,18833.67,0.0,0.0,0.0,0.0,18833.67
C000301,Infraplex (Pty) Ltd,0.0,0.0,0.0,0.0,18630.0,18630.0
C001124,SPOC Managed Services (Pty) Ltd,18598.95,0.0,0.0,0.0,0.0,18598.95
C000637,Tsogo Sun KZN (Pty) Ltd t/a Suncoast Casino,9285.1,9285.1,0.0,0.0,0.0,18570.2
C006178,SCHUTTE DE JONG INC,6093.85,6093.85,8683.96,2327.74,0.0,18543.92
C000635,Silver Star Casino (Pty) Ltd,18543.75,0.0,0.0,0.0,0.0,18543.75
C000640,Akani Msunduzi (Pty) Ltd T/A Golden Horse Casino,18543.75,0.0,0.0,0.0,0.0,18543.75
C000112,GK Software Africa (Pty) Ltd,9198.85,9198.85,0.0,0.0,0.0,18397.7
C000287,AFSTEREO (Pty) Ltd,18397.7,0.0,0.0,0.0,0.0,18397.7
C005356,BATELEUR CAPITAL PTY LTD,18397.7,0.0,0.0,0.0,0.0,18397.7
C006777,TERAOKA SA PTY LTD,9198.85,9198.85,0.0,0.0,0.0,18397.7
C001058,Globe Com (Pty) Ltd,6127.2,6127.2,6127.2,0.0,0.0,18381.6
C000654,DK Wireless Internet (Pty) Ltd,0.0,0.0,0.0,0.0,18378.39,18378.39
C000361,SEAGLE TELECOM (PTY) LTD,18378.27,0.0,0.0,0.0,0.0,18378.27
C006878,Open Communications (OC),18377.0,0.0,0.0,0.0,0.0,18377.0
C000981,Hoya Hill Optics SA (Pty) Ltd,18337.9,0.0,0.0,0.0,0.0,18337.9
FUL001,Fulloutput 1086 CC,19524.7,46953.12,48189.6,0.0,0.0,18288.22
PAV001,Provide a Voucher (Pty) Ltd,18281.55,0.0,0.0,0.0,0.0,18281.55
C000491,Parrot Products (Pty) Ltd,14114.01,4926.38,931.27,0.0,0.0,18109.12
C000833,V2 Tech (Pty) Ltd,9035.55,9035.55,0.0,0.0,0.0,18071.1
C000502,NACOSA,18021.58,0.0,0.0,0.0,0.0,18021.58
C006788,HDM AUTO ELECTRICAL PARTS (PTY) LTD,7473.85,10502.34,0.0,0.0,0.0,17976.19
C000596,Digital Outsource Services (Pty) Ltd,17940.0,0.0,0.0,0.0,0.0,17940.0
C005039,RAHIMA MOOSA NURSING COLLEGE,10348.85,7566.58,0.0,0.0,0.0,17915.43
C005016,MILITARY ATTACHE OF THE UAE,17822.7,0.0,0.0,0.0,0.0,17822.7
C006113,UNITED EXPORTS SOUTH AFRICA (PTY) LTD,17706.55,0.0,0.0,0.0,0.0,17706.55
C006313,FREE DEBT ADVISOR (PTY) LTD,0.0,0.0,0.0,0.0,17627.75,17627.75
C005050,GLOBAL BUSINESS ADMINISTRATORS (PTY) LTD,17477.7,0.0,0.0,0.0,0.0,17477.7
C000917,Get Educated (Pty) Ltd t/a GetSmarter,17248.85,0.0,0.0,0.0,0.0,17248.85
MCK001,McKinsey and Company Africa Proprietary Limited,17248.85,0.0,0.0,0.0,0.0,17248.85
C005755,TONDNET (PTY) LTD,5749.31,5749.31,5749.31,0.0,0.0,17247.93
C006504,ZA ONLINE STORE (PTY) LTD,17246.78,0.0,0.0,0.0,0.0,17246.78
C005827,THE BOARD STORE (PTY) LTD,17245.4,0.0,0.0,0.0,0.0,17245.4
C000823,KOLOK a Division of Bidvest Paperplus (Pty) Ltd,17707.7,0.0,489.6,0.0,0.0,17218.1
WAV001,Wavelenghts 1077 (Pty) Ltd,17199.52,0.0,0.0,0.0,0.0,17199.52
C000643,INFOPROTECT (PTY) LTD,17179.85,0.0,0.0,0.0,0.0,17179.85
C000627,The Old Shanghai Firecracker Factory - Campus (Pty) Ltd,16834.85,0.0,0.0,0.0,0.0,16834.85
C000971,Southern Star Computers,16816.57,0.0,0.0,0.0,0.0,16816.57
C000357,Nerdy Technotrade (Pty) Ltd,16788.85,0.0,0.0,0.0,0.0,16788.85
C000588,Zest Life Investments (Pty) Ltd,16672.7,0.0,0.0,0.0,0.0,16672.7
MYT001,Mytelnet (Pty) Ltd,16640.51,0.0,0.0,0.0,0.0,16640.51
BUI001,BUI Medical and Technology Suppliers (Pty) Ltd,17943.71,1335.48,0.0,0.0,0.0,16608.23
C000498,Comunitech cc,16580.7,0.0,0.0,0.0,0.0,16580.7
C005248,LUXOR PAINTS (PTY) LTD,2758.85,2758.85,2758.85,2758.85,5517.7,16553.1
C006077,ENVIRONMENTAL RESOURCES MANAGEMENT SOUTHERN AFRICA (PTY) LTD,10807.7,5173.85,2458.67,0.0,1998.67,16441.55
C006491,PROMASIDOR (SOUTH AFRICA) (PTY) LTD T/A BRUTON ROAD SHARED SERVICES,16441.55,0.0,0.0,0.0,0.0,16441.55
DGS001,DG Store (SA) (Pty) Ltd t/a Digital Generation,0.0,0.0,0.0,0.0,16310.37,16310.37
C000768,ComX Networks (Pty) Ltd,16100.0,0.0,0.0,0.0,0.0,16100.0
C001095,Backspace Technologies (Pty) Ltd,16100.0,0.0,0.01,0.0,0.01,16100.0
CEN001,Centurion Systems (Pty) Ltd,16098.85,0.0,0.0,0.0,0.0,16098.85
GRE001,Great Stock (Pty) Ltd,16098.85,0.0,0.0,0.0,0.0,16098.85
LUM001,Luma Animation (Pty) Ltd.,16098.85,0.0,0.0,0.0,0.0,16098.85
C000175,Abeddac Group (Pty) Ltd,16097.7,0.0,0.0,0.0,0.0,16097.7
C001215,Netcare Education (Pty) Ltd,8048.85,8048.85,0.0,0.0,0.0,16097.7
C006477,DANGOTE CEMENT SOUTH AFRICA (PTY) LTD,8048.85,8048.85,0.0,0.0,0.0,16097.7
C006512,MEDIA24 (PTY) LTD T/A Afrikaans Nuus,8048.85,8048.85,0.0,0.0,0.0,16097.7
C000766,Cape Oil & Margarine (Pty) Ltd,8048.85,8048.85,0.0,0.1,0.0,16097.6
MMX001,MMX Systems (Pty) Ltd,16058.6,0.0,0.0,0.0,0.0,16058.6
BAR003,Barrow Construction (Pty) Ltd,16039.05,0.0,0.0,0.0,0.0,16039.05
C005172,Rock Solid Industries International (Pty) Ltd,15797.64,0.0,0.0,0.0,0.0,15797.64
ITA001,Itakane ICT (Pty) Ltd,10751.35,4844.5,0.0,0.0,0.0,15595.85
C003789,HIAB SOUTH AFRICA (PTY) LTD,0.0,0.0,0.0,0.0,15543.72,15543.72
BLA003,Black Mountain Mining (Pty) Ltd,15523.85,0.0,0.0,0.0,0.0,15523.85
C005777,NEW SENET (PTY) LTD,15523.85,0.0,0.0,0.0,0.0,15523.85
C005943,THE GATWAY HOTEL UMHLANGA (PTY LTD,15523.85,0.0,0.0,0.0,0.0,15523.85
C006619,DOXIM STRIATA (PTY) LTD.,15523.85,0.0,0.0,0.0,0.0,15523.85
TRA001,Tourvest Holdings (Pty) Ltd T/A Tourvest Travel Services,15523.85,0.0,0.0,0.0,0.0,15523.85
C001148,BLOCK INNOVATION,15499.82,0.0,0.0,0.0,0.0,15499.82
C000119,iBound CC,7728.0,7728.0,0.0,0.0,0.0,15456.0
C001104,Netsurit (Pty) Ltd,15407.7,0.0,0.0,0.0,0.0,15407.7
C000515,TopicWorx (Pty) Ltd,23172.71,7789.28,0.0,0.0,0.0,15383.43
REB001,Rebel Safety Gear (Pty) Ltd,15349.05,0.0,0.0,0.0,0.0,15349.05
C006146,Ore & Metal Company Limited t/a Ore & Metal Services,15338.7,0.0,0.0,0.0,0.0,15338.7
C000820,MCC Label Durban South Africa (Pty) Ltd,15130.86,0.0,0.0,0.0,0.0,15130.86
ALG001,Algo Technologies (Pty) Ltd,0.0,0.0,0.0,0.0,14975.3,14975.3
C001218,Northbound Consulting T/A Northbound Networks,14959.2,0.0,0.0,0.0,0.0,14959.2
SMA001,Smart Technology Centre (Pty) Ltd,14950.0,0.0,0.0,0.0,0.0,14950.0
C000791,Digital Maintenance Trading CC,14949.6,0.0,0.0,0.0,0.0,14949.6
C000011,On Digital Media (Pty) Ltd,14948.85,0.0,0.0,0.0,0.0,14948.85
C000636,Akani Egoli (Pty) Ltd t/a Gold Reef City Casino,14948.85,0.0,0.0,0.0,0.0,14948.85
C001007,Umhlaba Projects (Pty) Ltd,14948.85,0.0,0.0,0.0,0.0,14948.85
C005163,MECER INTER-ED (PTY) LTD,14948.85,0.0,0.0,0.0,0.0,14948.85
FLU001,Fluor South Africa (Pty) Ltd,14948.85,0.0,0.0,0.0,0.0,14948.85
C005818,FLEX SPACE MANAGED SERVICES,8048.85,8048.85,8048.85,8048.85,17247.7,14947.7
C000796,Bizhub Print Solutions (Pty) Ltd,14935.29,0.0,0.0,0.0,0.0,14935.29
C000266,Netlayer (Pty) Ltd,9612.85,0.0,0.0,0.0,5242.85,14855.7
C000872,Digital Matter Embedded (South Africa),14832.7,0.0,0.0,0.0,0.0,14832.7
PSA003,MTN Business Solutions (Pty) Ltd,0.0,14760.25,0.0,0.0,0.0,14760.25
C000173,Kerridge Commercial Systems SA (Pty) Ltd,14751.05,0.0,0.0,0.0,0.0,14751.05
C004794,I1 TECHNOLOGIES (PTY) LTD T/A I1 SOLUTIONS,18955.3,4339.99,0.0,0.0,0.0,14615.31
C003803,SPAZIO LIGHTING (PTY) LTD,14602.7,0.0,0.0,0.0,0.0,14602.7
C000030,Linux Based System Design SA (Pty) Ltd,14458.38,0.01,0.0,0.0,0.0,14458.37
ACO001,Amrod Corporate Solutions (Pty) Ltd,14373.85,0.0,0.0,0.0,0.0,14373.85
C000042,Arengo 203 (Pty) Ltd,14373.85,0.0,0.0,0.0,0.0,14373.85
C000074,Evertrade (Pty)  Ltd,14373.85,0.0,0.0,0.0,0.0,14373.85
C000806,Synthesis Software Technologies (Pty) Ltd,14373.85,0.0,0.0,0.0,0.0,14373.85
C003790,BLAKE & ASSOCIATES (PTY) LTD,14373.85,0.3,0.0,0.3,0.0,14373.85
C006264,MANHATTAN HOTEL OPERATIONS (PTY) LTD,14373.85,0.0,0.0,0.0,0.0,14373.85
SUP001,Superten Internet PTY Ltd t/a Supernet,14373.85,0.0,0.0,0.0,0.0,14373.85
TRI003,DIGITAL WORKSHOP (PTY) LTD,14373.85,0.0,0.0,0.0,0.0,14373.85
C004991,SKYWIRE (PTY) LTD,14729.2,0.0,0.0,0.0,368.01,14361.19
C006353,LEGEND SYSTEMS CC,14177.32,0.0,0.0,0.0,0.0,14177.32
C000269,Roedean School SA,14143.85,0.0,0.0,0.0,0.0,14143.85
C000630,Tsogo Sun Holdings (Pty) Ltd t/a The Ridge Casino,14143.85,0.0,0.0,0.0,0.0,14143.85
SPA001,Spark ATM Systems,14143.85,0.0,0.0,0.0,0.0,14143.85
C005870,COREX (PTY) LTD,7067.9,7067.9,0.0,0.0,0.0,14135.8
C006027,China Telecom South Africa (Pty) Ltd,0.0,0.0,0.0,0.0,14018.58,14018.58
C001149,Align Information Technology cc T/A Align IT,0.0,9088.4,0.0,4811.51,0.64,13900.55
BUB001,Bubblestorm Management Pty Ltd t/a Woo Themes,13800.0,0.0,0.0,0.0,0.0,13800.0
C000139,Isazi Consulting (Pty) Ltd,13798.85,0.0,0.0,0.0,0.0,13798.85
PAR002,Paramount Industrial Holdings (Pty) Ltd,13798.85,0.0,0.0,0.0,0.0,13798.85
C006621,JNCS (PTY) LTD,13794.88,0.0,0.0,0.0,0.0,13794.88
C000555,WTTX COMMUNICATIONS (PTY) LTD,12762.7,0.0,0.0,0.0,954.41,13717.11
C005932,SENA FINANCIAL SERVICES (PTY) LTD,0.0,0.0,0.0,9131.28,4565.64,13696.92
C006165,RANDYORK CASTINGS (PTY) LTD,13682.7,0.0,0.0,0.0,0.0,13682.7
CEN004,Centriq Insurance Company Limited,0.0,0.0,0.0,0.0,13655.1,13655.1
CLI002,Clickatell (Pty) Ltd,13625.2,0.0,0.0,0.0,0.0,13625.2
C006680,PUMP AND ABRASION TECHNOLOGIES,6783.85,6783.85,0.0,0.0,0.0,13567.7
KIN002,Kintetsu World Express South Africa (Pty) Ltd,13567.7,0.0,0.0,0.0,0.0,13567.7
C000578,Truvelo Africa Electronics Division (Pty) Ltd,0.0,0.0,13529.29,0.0,0.0,13529.29
C000894,Infoblox Inc.,6722.9,6722.9,0.0,0.0,0.0,13445.8
C004844,OPCO 365 (PTY) LTD.,34560.52,21137.35,0.0,0.0,0.0,13423.17
C000576,Excalsoft Development (Pty) Ltd T/A Futuresoft,23128.69,9739.24,0.0,0.0,0.0,13389.45
C000947,Velocity Trade Financial Services (Pty) Ltd,13342.3,0.0,0.0,0.0,0.0,13342.3
SYS002,Syspro (Pty) Ltd,13338.85,0.0,0.0,0.0,0.0,13338.85
C005849,CROSSBOUNDARY (PTY) LTD,13309.01,0.0,0.0,0.0,0.0,13309.01
C001153,Speccom (PTY) LTD,13307.92,0.0,0.0,0.0,0.0,13307.92
C000764,Viva Telecoms CC,13269.85,0.0,0.0,0.0,0.0,13269.85
C006288,MAMELODI SUNDOWNS FOOTBALL CLUB (PTY) LTD,13225.32,0.0,0.0,0.0,0.0,13225.32
C000974,Francon Investments (Pty) Ltd,13223.85,0.0,0.0,0.0,0.0,13223.85
C001192,Chimes Crane Hire (PTY) LTD,13223.85,0.0,0.0,0.0,0.0,13223.85
C005633,FERRING (PTY) LTD.,13223.85,0.0,0.0,0.0,0.0,13223.85
SPE002,Specialist System Eng Excelcom Pty Ltd ta SSE Exce,13223.85,0.0,0.0,0.0,0.0,13223.85
WES002,Westerford High School,13223.85,0.0,0.0,0.0,0.0,13223.85
WYN001,Wynberg Boys High School,13222.7,0.0,0.0,0.0,0.0,13222.7
CEL001,Cell Network (Pty) Ltd,10348.85,1724.8,1148.85,0.0,0.0,13222.5
C001014,Sedgwick South Africa (Pty) Ltd,13220.4,0.0,0.0,0.0,0.0,13220.4
C005919,SOLISCOM NETWORKS (PTY) LTD,13195.1,0.0,0.0,0.0,0.0,13195.1
C004929,MOBISYNCO (PTY) LTD,6576.85,6576.85,0.3,0.0,0.0,13154.0
C006021,IMPERIAL LOGISTICS SOUTH AFRICA GROUP (PTY) LTD T/A IMPERIAL MANAGED SOLUTIONS,6553.85,6553.85,0.0,0.0,0.0,13107.7
C005100,JINDAL AFRICA INVESTMENTS (PTY) LTD,13073.56,0.0,0.0,0.0,0.0,13073.56
SEP001,SepFluor Limited,12878.85,2575.77,2414.77,0.0,0.0,13039.85
C006435,BARAK SERVICES INCORPORATED IN MAURITIUS (PTY) LTD,12935.2,0.0,0.0,0.0,0.0,12935.2
C000448,Dahua Technology South Africa (Pty) Ltd,6438.85,6438.85,0.0,0.0,0.0,12877.7
C000085,Vivo Energy South Africa (Pty) Ltd,20122.7,0.0,0.0,0.0,7251.45,12871.25
C004052,Batsibi Technologies (Pty) Ltd,12706.35,0.0,0.0,0.0,0.0,12706.35
C005489,BOLELA OFFICE SOLUTIONS (PTY) LTD,0.0,11240.1,0.0,0.0,1430.95,12671.05
C005678,Swyft Technologies (Pty) Ltd.,12659.2,0.0,0.0,0.0,0.0,12659.2
C006744,MDANTSANE MOBILE (PTY) LTD,12650.0,0.0,0.0,0.0,0.0,12650.0
C006017,MSAOS HOLDINGS (PTY) LTD,12648.85,0.0,0.0,0.0,0.0,12648.85
C006196,TSOGO SUN EMONTI (PTY) LTD,12648.85,0.0,0.0,0.0,0.0,12648.85
DUR001,DURBAN PREPARATORY HIGH SCHOOL,12648.85,0.0,0.0,0.0,0.0,12648.85
DES001,Desktop Network Solutions,12498.2,0.0,0.0,0.0,0.01,12498.19
C005130,ICG MEDICAL LIMITED,0.0,0.0,0.0,0.0,12468.06,12468.06
C000443,Perdigon (Pty) Ltd,12464.28,0.0,0.0,0.0,0.0,12464.28
C005759,DV8 TECHNOLOGY GROUP (PTY) LTD,2074.83,2074.83,2074.83,2074.83,4149.66,12448.98
C003787,Rapidnet Broadband (Pty) Ltd,6210.0,6210.0,0.0,0.0,0.0,12420.0
FRA001,Fraser Alexander (Pty) Ltd,12382.05,0.0,0.0,0.0,0.0,12382.05
C000921,Axin Underwriting and Administration (Pty) Ltd T/A Axin IT,12364.8,0.0,0.0,0.0,0.0,12364.8
C000378,Entelek IT Services (Pty) Ltd,12311.9,0.0,0.0,0.0,0.0,12311.9
RAM001,RAM Hand to Hand Couriers (Pty) Ltd,12302.63,0.0,0.0,0.0,0.0,12302.63
C001211,M3COM OF VIRGINIA,8110.16,4138.9,0.0,0.0,0.0,12249.06
C005372,ARMSTA COMPANY T/A ARMSTA,12246.24,0.0,0.0,0.0,0.0,12246.24
C000652,Choppies Supermarkets South Africa (Pty) Ltd,6093.85,6093.85,0.0,0.0,0.0,12187.7
C005557,NOVA OFFICE AUTOMATION,12150.9,0.0,0.0,0.0,0.0,12150.9
CHA001,R AND A STRATEGIC COMMUNICATIONS (PTY) LTD,12073.85,0.0,0.0,0.0,0.0,12073.85
C000203,Fulloutput 1086 cc,12057.75,0.0,0.0,0.0,0.0,12057.75
C005543,ALC CORP. (PTY) LTD.,11901.47,0.0,0.0,0.0,0.0,11901.47
CEL003,Celcom Group Ltd,11901.35,0.0,0.0,0.0,0.0,11901.35
SIN002,Singa Tel (Pty) Ltd T/A NET15,11799.0,0.0,0.0,0.0,0.0,11799.0
WYN002,Wynberg Girls High School,11724.25,0.0,0.0,0.0,0.0,11724.25
C001106,Logicalis SA (Pty) Ltd,11634.91,0.0,0.0,0.0,0.0,11634.91
C005811,IONLINE INTERNET SERVICE PROVIDER (PTY) LTD,11504.03,0.0,0.0,0.0,0.0,11504.03
C005521,FIRMLINX (PTY) LTD,11500.0,0.0,0.0,0.0,0.0,11500.0
C000653,Attix5 UK Limited t/a Redstor,11498.85,0.0,0.0,0.0,0.0,11498.85
C006234,ARCH HOTEL GROUP (PTY) LTD T/A PROTEA HOTEL AC HOTEL,11498.85,0.0,0.0,0.0,0.0,11498.85
C006275,IHUB ENTERPRISE DEVELOPMENT,11498.85,49.46,0.0,0.0,49.46,11498.85
PRO004,ProProcess Engineering (Pty) Ltd T/A ProProcess,11498.85,0.0,0.0,0.0,0.0,11498.85
WID002,Wideopen Platform (Pty) Ltd,11498.85,0.0,0.0,0.0,0.0,11498.85
C000209,Outworx Contact Centre (Pty) Ltd,11498.85,0.04,0.0,0.0,0.0,11498.81
C003988,WYNBERG BOYS' JUNIOR SCHOOL,11495.4,0.0,0.0,0.0,0.0,11495.4
C006789,VIP TECHNOLOGIES PTY LTD,11383.85,0.0,0.0,0.0,0.0,11383.85
C005957,UMBONO CLOUD SERVICES (PTY) LTD,11284.47,0.0,0.0,0.0,0.0,11284.47
C001233,The Church of Scientology in South Africa NPC,38116.75,32482.9,5633.85,0.0,0.0,11267.7
MUS002,Mustek Limited,11267.7,0.0,0.0,0.0,0.0,11267.7
C000746,H and M Hennes and Mauritz (Pty) Ltd,39838.76,46291.41,0.0,74888.38,0.0,11241.79
C001241,TagIT CC,11240.1,0.0,0.0,0.0,0.0,11240.1
PAL001,Palian Manufacturing (Pty) Ltd,16742.9,5504.12,0.0,0.0,0.0,11238.78
C006642,TECH NERDS (PTY) LTD,5575.2,5575.2,0.0,0.0,0.0,11150.4
C005758,MOTHAPO CONSULTING ENGINEERS (PTY) LTD,11069.81,0.0,0.0,0.0,0.0,11069.81
C006037,TRUSTFACTORY,11040.0,0.0,0.04,0.0,0.0,11039.96
C006403,NORDLAND OPERATIONS (PTY) LTD,11021.6,0.0,0.0,0.0,0.0,11021.6
ADV002,Advansys (Pty) Ltd T/A Advansys,10923.85,0.0,0.0,0.0,0.0,10923.85
C000148,Techora (Pty) Ltd,10923.85,0.0,0.0,0.0,0.0,10923.85
C000810,City Medical Wholesalers CC,10923.85,0.0,0.0,0.0,0.0,10923.85
C005061,Mcmillians Lodge N1 Cape Town Body Corporate T/A Protea Hote,10923.85,0.0,0.0,0.0,0.0,10923.85
SAI003,GFI International and Capital Market Brokers (Pty) Ltd,10923.85,0.0,0.0,0.0,0.0,10923.85
HOT002,Hotel 224 (Pty) Ltd,11498.85,0.0,591.1,0.0,0.0,10907.75
DTH001,DTH Services (Pty) Ltd,10867.5,0.0,0.0,0.0,0.0,10867.5
C001131,B.Braun Medical (Pty) Ltd,15176.55,15176.55,0.0,0.0,19546.55,10806.55
C006002,MATTEL SOUTH AFRICA (PTY) LTD,10639.8,0.0,0.0,0.0,0.0,10639.8
C000886,EFC Africa (Pty) Ltd,10620.01,0.0,0.0,0.0,0.0,10620.01
C006392,DXS SA (PTY) LTD,10578.85,0.0,0.0,0.0,0.0,10578.85
WCSMILE,Cape Town Radio (Pty) Ltd Smile 90.4 FM,0.0,10578.85,0.0,0.0,0.0,10578.85
ISQ001,iSquared Tehnologies (Pty) Ltd,10504.22,0.0,0.0,0.0,0.0,10504.22
C001033,Choice Decisions 65 (Pty) Ltd.,10406.35,0.0,0.0,0.0,0.0,10406.35
C004149,MEDIAMARK (PTY) LTD,10406.35,0.0,0.0,0.0,0.0,10406.35
C005700,UPHONDO LWE NYATHI IMPLEMENTATION AND TRAINING (PTY) LTD,10406.35,0.0,0.0,0.0,0.0,10406.35
C006013,BALIHILL PROPERTIES CC,10406.35,0.0,0.0,0.0,0.0,10406.35
SKI001,Skillfull 118 (Pty) Ltd T/A Sunnyside Park Hotel,10406.35,0.0,0.0,0.0,0.0,10406.35
C006058,JOYCO (PTY) LTD,10398.3,0.0,0.0,0.0,0.0,10398.3
ICO001,iConnectsa (Pty) Ltd,10369.55,0.0,0.0,1344.5,1344.5,10369.55
C000069,Synapsys Systems (Pty) Ltd,10348.85,0.0,0.0,0.0,0.0,10348.85
C000170,Motswako Office Solutions (Pty) Ltd,10348.85,0.0,0.0,0.0,0.0,10348.85
C000561,Eshopper Computer Solutions cc,10348.85,0.0,0.0,0.0,0.0,10348.85
C000815,TSL Telecommunications and Automation Cc,10348.85,0.0,0.0,0.0,0.0,10348.85
C001199,OTICON SOUTH AFRICA (PTY) LTD,10348.85,0.0,0.0,0.0,0.0,10348.85
C004965,MCCORMICK SOUTH AFRICA,10348.85,0.0,0.0,0.0,0.0,10348.85
KZ004205,Somta Tools,10348.85,0.0,0.0,0.0,0.0,10348.85
MIP001,MIP Holdings (Pty) Ltd,10348.85,0.0,0.0,0.0,0.0,10348.85
FAU001,Faurie Nell Incorporated,10346.55,0.0,0.0,0.0,0.0,10346.55
C006315,BEGRAND HOLDINGS,1148.85,1148.85,1148.85,1148.85,5744.12,10339.52
C005233,KWANDE ADVISORY SERVICES (PTY) LTD,10303.36,0.0,0.0,0.0,0.0,10303.36
C005745,KYOCERA DOCUMENT SOLUTIONS SOUTH AFRICA (PTY) LTD,10262.6,0.0,0.0,0.0,0.0,10262.6
C004307,Commodity Inspections Group,10233.85,0.0,0.0,0.0,0.0,10233.85
C005982,CATERWARE CONNECTION CC,3104.0,3563.85,3563.85,0.0,0.0,10231.7
C000468,Imperial Clearing and Forwarding South Africa (Pty) Ltd,14027.7,0.0,0.0,0.0,3894.45,10133.25
KZ004232,NCT Forestry Agricultural Co-Operative Limited,10120.0,0.0,0.0,0.0,0.0,10120.0
SHA001,Sharenet (Pty) Ltd,5060.0,5060.0,0.0,0.0,0.0,10120.0
C000893,Datamine Africa (Pty) Ltd,10118.85,0.0,0.0,0.0,0.0,10118.85
C006429,LITHIUM BATTERIES SOUTH AFRICA(PTY) LTD,10117.7,0.0,0.0,0.0,0.0,10117.7
C005660,FINFLOOR SA PTY LTD,10001.55,0.0,0.0,0.0,0.0,10001.55
C000939,Current Automation (Pty) Ltd,9933.7,0.0,0.0,0.0,0.0,9933.7
MUZ001,MUZ Creations t/a Omni Africa,9773.85,0.0,0.0,0.0,0.0,9773.85
BRA002,Brand Wizard (Pty) Ltd T/A Idea Engineers,9743.87,0.0,0.0,0.0,0.0,9743.87
C005707,TETRAD IT (PTY) LTD,9584.1,0.0,0.0,0.0,52.5,9636.6
C004266,Web Squad Connect (Pty) Ltd,9602.5,0.0,0.0,0.0,0.0,9602.5
CEN003,Centurion Law Group (Pty) Ltd,9601.35,0.0,0.0,0.0,0.0,9601.35
C004083,ARIA TECHNOLOGIES AFRICA (PTY) LTD,9548.68,0.0,0.0,0.0,0.0,9548.68
C005909,M DIALA INC,0.0,0.0,733.76,989.0,7807.01,9529.77
C004871,Vumatel (Pty) Ltd,0.0,9487.5,0.0,0.0,0.0,9487.5
C000317,UASA - The Union,9485.36,0.0,0.0,0.0,0.0,9485.36
CLI003,Clientele Life Assurance Co Ltd t/a Clientele Life,0.0,9470.25,0.0,0.0,0.0,9470.25
C001017,Autoboys Glass Services (Pty) Ltd,9427.7,0.0,0.0,0.0,0.0,9427.7
C005608,MIRA SECURITY SOFTWARE (PTY) LTD,9358.7,0.0,0.0,0.0,0.0,9358.7
C000120,GVSC Communications (Pty)  Ltd,9342.6,228.48,228.48,0.0,0.0,9342.6
C006018,SECURICOM IT SOLUTIONS (PTY) LTD,6570.35,2759.08,0.0,0.0,0.0,9329.43
C004789,Nu Gui (Pty) Ltd,9285.1,0.0,0.0,0.0,0.0,9285.1
C006716,TIRISAN TECH SOLUTIONS (PTY) LTD,9200.0,0.86,0.0,0.0,0.0,9200.86
AFR006,Africa Square Consulting (Pty) Ltd,9198.85,0.0,0.0,0.0,0.0,9198.85
C000026,Lazarus Motor Company T/A Lazarus Ford,9198.85,0.0,0.0,0.0,0.0,9198.85
C000278,Clearight Pty Ltd,9198.85,0.0,0.0,0.0,0.0,9198.85
C000507,"Hudaco Trading (Pty) Ltd, a division of Commercial ICT",9198.85,0.0,0.0,0.0,0.0,9198.85
C000631,Global and Local Investment Advisors (Pty) Ltd,9198.85,0.0,0.0,0.0,0.0,9198.85
C001083,Stylco (Pty) Ltd,9198.85,0.0,0.0,0.0,0.0,9198.85
C001129,MMD Mineral Sizing (Africa) (Pty) Ltd,9198.85,0.0,0.0,0.0,0.0,9198.85
C001168,THE POWER OF TRADING (PTY) LTD T/A LEVISONS,9198.85,0.0,0.0,0.0,0.0,9198.85
C005652,CORIGINE SYSTEMS SOUTH AFRICA (PTY) LTD.,9198.85,0.0,0.0,0.0,0.0,9198.85
CAL001,CallForce Direct (Pty) Ltd,9198.85,0.0,0.0,0.0,0.0,9198.85
OPE001,OpenNetworks (Pty) Ltd,9198.85,0.0,0.0,0.0,0.0,9198.85
SSE001,SSEM MTHEMBU MEDICAL (PTY) LTD,9198.85,0.0,0.0,0.0,0.0,9198.85
C000281,Laurium Capital (Pty) Ltd,9198.85,0.0,0.0,0.0,0.03,9198.82
C006020,BRENTHURST RETIREMENT (PTY) LTD t/a Royal View,9197.7,0.0,0.0,0.0,0.0,9197.7
PSA032,Nebulair Communications,0.0,0.0,0.0,0.0,9062.0,9062.0
PER004,Personnel Visions (Pty) Ltd,9056.89,0.0,0.0,0.0,0.0,9056.89
C000320,Cisco Technology and Services (South Africa) (Pty) Ltd,42616.01,33601.85,0.0,0.0,0.0,9014.16
KZ007955,Centennial Wireless (Pty) Ltd,851.0,851.0,851.0,851.0,5562.29,8966.29
C000590,ASAP INTERNET,0.0,0.0,0.0,0.0,8958.22,8958.22
C004900,HATZOLAH MEDICAL RESCUE-JOHANNESBURG-RSA,8911.35,0.0,0.0,0.0,0.0,8911.35
ONE006,One Mile Telecoms (Pty) Ltd,0.0,0.0,0.0,0.0,8880.34,8880.34
C005294,SUPERWOOD PROPERTIES (PTY) LTD,0.0,0.0,287.5,287.5,8262.04,8837.04
C000142,Chemical & Industrial Plastics cc,8755.78,0.0,0.0,0.0,0.0,8755.78
C005931,In-Tech Business Solutions (Pty) Ltd,8740.0,0.0,0.0,0.0,0.0,8740.0
C006092,AMAX ELECTRONICS (PTY) LTD,8740.0,0.0,0.0,0.0,0.0,8740.0
C000257,RJ Connect cc,8738.85,0.0,0.0,0.0,0.0,8738.85
C001052,180 Degrees Marketing (Pty) Ltd,4046.74,4656.46,0.0,0.0,0.0,8703.2
DEL003,Delecta Fruit (Pty) Ltd,8623.85,0.01,0.0,0.0,0.0,8623.86
C005118,SIGNALPET ANALYTICS (PTY) LTD,8623.85,0.0,0.0,0.0,0.0,8623.85
C005236,K202852440 ( SOUTH AFRICA ) (PTY) LTD T/A ASTRIM OPCO (PTY),8623.85,0.0,0.0,0.0,0.0,8623.85
C005324,PRISMAFLEX RSA (PTY) LTD,8623.85,0.0,0.0,0.0,0.0,8623.85
C005408,URBAN TITAN INVESTMENTS (PTY) LTD,8623.85,0.0,0.0,0.0,0.0,8623.85
C005420,SRK CONSULTING SOUTH AFRICA (PTY) LTD,8623.85,0.0,0.0,0.0,0.0,8623.85
THE007,The CRM Team,8623.85,0.0,0.0,0.0,0.0,8623.85
UNI006,Universal Leaf South Africa (Pty) Ltd,8623.85,0.0,0.0,0.0,0.0,8623.85
C006792,BOLEAN SOLUTIONS (PTY) LTD,8521.5,0.0,0.0,0.0,0.0,8521.5
C001119,Beyond Technologies South Africa (Pty) Ltd,8507.7,0.0,0.0,0.0,0.0,8507.7
C001170,LB DEVELOPMENT PTY LTD,0.0,0.0,0.0,0.0,8401.44,8401.44
AWE001,Awesim Telecoms (Pty) Ltd,8393.85,0.0,0.0,0.0,0.0,8393.85
C000566,The Old Apostolic Church (SA),8382.35,0.0,0.0,0.0,0.0,8382.35
LIT001,Little Creek Trading 39 cc t/a Connect it,12217.6,3883.6,0.0,0.0,0.0,8334.0
C000605,Clevercom (Pty) Ltd,8278.97,0.0,0.0,0.0,0.0,8278.97
DRY001,Drytech International (Pty) Ltd,8278.85,0.0,0.0,0.0,0.0,8278.85
KNI001,Knight Piesold (Pty) Ltd,8278.85,0.0,0.0,0.0,0.0,8278.85
C000864,DG Capital (Pty) Ltd,8393.85,8393.85,8673.65,0.0,0.0,8114.05
BAY001,Bayete Capital (Pty) Ltd,8048.85,0.0,0.0,0.0,0.0,8048.85
BUR004,Burquip International (Pty) Ltd,8048.85,0.0,0.0,0.0,0.0,8048.85
C000003,Van Der Vyver Transport (Pty) Ltd,8048.85,0.0,0.0,0.0,0.0,8048.85
C000058,Franki Geotechnical (Pty) Ltd T/A Franki Africa,8048.85,0.0,0.0,0.0,0.0,8048.85
C000155,Ergotherapy Solutions (Pty) Ltd,8048.85,0.0,0.0,0.0,0.0,8048.85
C000199,Lexmark International South Africa (Pty) Ltd,8048.85,0.0,0.0,0.0,0.0,8048.85
C000220,Control Risks SA (Pty) Ltd,8048.85,0.0,0.0,0.0,0.0,8048.85
C000339,Fenner Conveyor Belting South Africa (Pty) Ltd,8048.85,0.0,0.0,0.0,0.0,8048.85
C000459,Isando Foods (Pty) Ltd T/A Willowton Group Johannesburg (Pt,8048.85,0.0,0.0,0.0,0.0,8048.85
C000532,Gundle Plastics Group (Pty) Ltd T/A Gundle Germiston,8048.85,0.0,0.0,0.0,0.0,8048.85
C000587,PSG Management Services (Pty) Ltd,8048.85,0.0,0.0,0.0,0.0,8048.85
C000760,IMOS (Pty) Ltd T/A Magic Builders World,8048.85,0.0,0.0,0.0,0.0,8048.85
C000774,Praelexis (Pty) Ltd,8048.85,0.0,0.0,0.0,0.0,8048.85
C000863,MCC Label Johannesburg South Africa (Pty) Ltd,8048.85,0.0,0.0,0.0,0.0,8048.85
C000962,Reutech (Pty) Ltd t/a Reutech Radar Systems,8048.85,0.0,0.0,0.0,0.0,8048.85
C001029,Protekta Safety Gear (Pty) Ltd,8048.85,0.0,0.0,0.0,0.0,8048.85
C003770,Open Mind Technologies,8048.85,0.0,0.0,0.0,0.0,8048.85
C003773,BULUGAYA ENGINEERING CC,8048.85,0.0,0.0,0.0,0.0,8048.85
C005237,IMBC INVESTMENT (PTY) LTD,8048.85,0.0,0.0,0.0,0.0,8048.85
C005297,WORK AND CO GROUP (PTY) LTD,8048.85,0.0,0.0,0.0,0.0,8048.85
C005971,THE WASTE TRADE COMPANY (PTY) LTD,8048.85,0.0,0.0,0.0,0.0,8048.85
C006443,HAMILTONS IN CREATIVE COMPANY (PTY) LTD,8048.85,0.0,0.0,0.0,0.0,8048.85
C006582,QUAYSIDE WAREHOUSE,8048.85,0.0,0.0,0.0,0.0,8048.85
C006617,TECHNOLOGICAL INNOVATIONS SA t/a Creston SA,8048.85,0.0,0.0,0.0,0.0,8048.85
C006802,FENIX BRANDS (PTY) LTD,8048.85,0.0,0.0,0.0,0.0,8048.85
FOO001,Food Agriculture and Natural Resources Policy Analysis Netw,8048.85,0.0,0.0,0.0,0.0,8048.85
MIN004,MMT Inland,8048.85,0.0,0.0,0.0,0.0,8048.85
NOR001,North Wharf Hotels (Pty) Ltd t/a Protea Hotel,8048.85,0.0,0.0,0.0,0.0,8048.85
TRS001,TRSS 24 Hour Reaction (Pty) Ltd,8048.85,0.0,0.0,0.0,0.0,8048.85
C005926,ETKIN & KAYE OPTICAL CENTRE INCORPORATED,8047.7,0.0,0.0,0.0,0.0,8047.7
C006457,K2013156743 (SOUTH AFRICA),1148.85,1148.85,1148.85,1148.85,3446.55,8041.95
C006160,SINTREX,8031.6,0.0,0.0,0.0,0.0,8031.6
C005074,DRIVETRAIN TTS.,7876.35,0.0,0.0,0.0,0.0,7876.35
C005175,VIZITRADE THREE PTY LTD T/A PROTEA HOTEL BY MARRIOTT NELSPRU,7876.35,0.0,0.0,0.0,0.0,7876.35
NEW005,New Ventures Consulting SA Pty Ltd,0.0,0.0,0.0,0.0,7841.73,7841.73
C001227,TAURUS PACKAGING PTY LTD,7769.4,0.0,0.0,0.0,0.0,7769.4
C000050,Java Capital (Pty) Ltd,7761.35,0.0,0.0,0.0,0.0,7761.35
MOB002,Mobifin (Pty) Ltd t/a Webcall,7646.47,3.0,0.0,0.0,0.0,7643.47
C000879,Afrasia Bank Ltd,7626.85,0.0,0.0,0.0,0.0,7626.85
C001222,VP Investments (Pty) Ltd,7588.85,0.0,0.0,0.0,0.0,7588.85
C005434,POWER METER TECHNICS (PTY) LTD,7588.85,0.0,0.0,0.0,0.0,7588.85
C003799,PL STEEL SERVICES (PTY) LTD,7531.35,0.0,0.0,0.0,0.0,7531.35
TRA002,Travel and Tours (Pty) Ltd,0.0,0.0,0.0,11210.32,3709.5,7500.82
RIS001,Riscura Holdings South Africa (Pty) Ltd,7485.35,0.0,0.0,0.0,0.0,7485.35
C000447,4P Logistical Solutions,7473.85,0.0,0.0,0.0,0.0,7473.85
C000492,Hencon Vacuum Technologies (Pty) Ltd,7473.85,0.0,0.0,0.0,0.0,7473.85
C000544,The Apprentice Valley (Pty) Ltd,7473.85,0.0,0.0,0.0,0.0,7473.85
C000990,Imithetho Labour Law,7473.85,0.0,0.0,0.0,0.0,7473.85
C001135,JVC Insurance Brokers (Pty) Ltd,7473.85,0.0,0.0,0.0,0.0,7473.85
C005572,CONVERSATION LAB (PTY) LTD,7473.85,0.0,0.0,0.0,0.0,7473.85
C006195,ARCFYRE INTERNATIONAL (PTY) LTD,7473.85,0.0,0.0,0.0,0.0,7473.85
C006442,MOBILE MART (PTY) LTD,7473.85,0.0,0.0,0.0,0.0,7473.85
C006555,ALTRON SYSTEMS INTEGRATION A DIVISION OF ALTRON TMT,7473.85,0.0,0.0,0.0,0.0,7473.85
C006630,ORIGIN ALUMINUM CAPE TOWN (PTY) LTD,7473.85,0.0,0.0,0.0,0.0,7473.85
PAU001,Paul Bayvel / Eyethu Sales (Pty) Ltd,7473.85,0.0,0.0,0.0,0.0,7473.85
PHE001,Phembani Group Proprietary Limited,7473.85,0.0,0.0,0.0,0.0,7473.85
C000880,MDA Property Systems,7416.35,0.0,0.0,0.0,0.0,7416.35
C006499,ELIMNA TECH CC,2586.35,2586.35,2586.35,2586.35,2959.6,7385.8
C006824,SUTHERLAND SOUTH AFRICA,7291.97,0.0,0.0,0.0,0.0,7291.97
C000679,Management Electronic Systems (Pty) Ltd t/a M.E. Systems,7248.68,0.0,0.0,0.0,0.0,7248.68
C005364,INSIDEDATA (PTY) LTD,7245.0,0.0,0.0,0.0,0.0,7245.0
C005718,EMPYREAL CONSTRUCTION (PTY) LTD.,7167.95,0.0,0.0,0.0,0.0,7167.95
C000924,One Channel Cloud Services (Pty) Ltd T/A One Channel,0.0,2858.44,0.0,2858.44,1429.22,7146.1
C005778,DIGITAL SYSTEMS CC,7082.85,0.0,0.0,0.0,0.0,7082.85
C000890,Smith & Assosiate Persoonlike Besigheidsdienste,7071.35,0.0,0.0,0.0,0.0,7071.35
TRA006,Tradepage (Pty) Ltd,0.0,0.0,0.0,0.0,7036.84,7036.84
C005348,NETLOGIX (PTY) LTD,6981.65,0.0,0.0,0.0,0.0,6981.65
C000285,ULMA Packaging Systems (SA) (Pty),6898.85,0.0,0.0,0.0,0.0,6898.85
C000403,Russell Becker Inc,6898.85,0.0,0.0,0.0,0.0,6898.85
C000712,Edidor166 (Pty) Ltd t/a Urban Foods,6898.85,0.0,0.0,0.0,0.0,6898.85
C005019,CBR MARKETING SOLUTIONS PTY LTD,6898.85,0.0,0.0,0.0,0.0,6898.85
C005051,ACQUIRE TECHNOLOGY SOLUTIONS (PTY) LTD,6898.85,0.0,0.0,0.0,0.0,6898.85
C005398,Bidvest Premier Lounge a division of Bidvest Catering Services (Pty) Ltd,6898.85,0.0,0.0,0.0,0.0,6898.85
C005401,GLASS PLANET CC,6898.85,0.0,0.0,0.0,0.0,6898.85
C006091,IMM GRADUATE SCHOOL OF MARKETING (PTY) LTD,6898.85,0.0,0.0,0.0,0.0,6898.85
C005617,FRAME LEISURE TRADING (PTY) LTD,1723.85,1723.85,1723.85,1723.85,0.0,6895.4
AMB004,Amber Bay Investments 71 (Pty) Ltd,6783.85,0.0,0.0,0.0,0.0,6783.85
BRA001,Brasco Electrical 2001 CC,6783.85,0.0,0.0,0.0,0.0,6783.85
C000528,Boshoff Njokweni Attorneys Incorporated T/A Boshoff Njokweni,6783.85,0.0,0.0,0.0,0.0,6783.85
C001118,Bentley Credit Control (Pty) Ltd,6783.85,0.0,0.0,0.0,0.0,6783.85
C004830,SSA REGIONAL SERVICES (PTY) LTD,6783.85,0.0,0.0,0.0,0.0,6783.85
HGO001,H Gordon & Partners Incorporate,6783.85,0.0,0.0,0.0,0.0,6783.85
MAI001,Mailcomp (Pty) Ltd T/A Egis,6783.85,0.0,0.0,0.0,0.0,6783.85
RAP001,Rapid Mobile (Pty) Ltd,6783.85,0.0,0.0,0.0,0.0,6783.85
MOT001,Motla Utilities (Pty) Ltd,6782.7,0.0,0.0,0.0,0.0,6782.7
C000304,Unique Personnel (Pty) Ltd,6726.35,0.0,0.0,0.0,0.0,6726.35
C006676,INTERNATIONAL LABOUR ORGANISATION,5518.85,0.0,0.0,0.0,1148.85,6667.7
ONL001,Online Direct (Pty) Ltd,6645.85,0.0,0.0,0.0,0.0,6645.85
C000102,Denoon Sampson Ndlovu Inc,6553.85,0.0,0.0,0.0,0.0,6553.85
C000241,Matus a division of Brandcorp (Pty) Ltd,6553.85,0.0,0.0,0.0,0.0,6553.85
C000400,Khumalo Masondo Attorneys Inc,6553.85,0.0,0.0,0.0,0.0,6553.85
C000589,No Doubt Importers (Pty) Ltd,6553.85,0.0,0.0,0.0,0.0,6553.85
C004866,WOMHUB (PTY) LTD,6553.85,0.0,0.0,0.0,0.0,6553.85
C005653,GATEWAYS TRACING SERVICES (PTY) LTD,6553.85,0.0,0.0,0.0,0.0,6553.85
C005841,GRAAFF FRUIT (PTY) LTD,6553.85,0.0,0.0,0.0,0.0,6553.85
AVO001,Avoxi (Pty) Ltd,6358.35,0.0,0.0,0.0,0.0,6358.35
C000337,Strategnos (Pty) Ltd,6352.6,0.0,0.0,0.0,0.0,6352.6
C000168,Inala Broadcast (Pty) Ltd,6346.85,0.0,0.0,0.0,0.0,6346.85
COM002,Comput8 IT (Pty) Ltd,6335.35,0.0,0.0,0.0,0.0,6335.35
C005600,SOREAL SOLUTIONS,6327.99,0.0,0.0,0.0,0.0,6327.99
C000308,Bidvest Paperplus (Pty) Ltd T/A Lithotech Cape - Factory,6323.85,0.0,0.0,0.0,0.0,6323.85
C000309,Bidvest Paperplus (Pty) Ltd T/A Lithotech,6323.85,0.0,0.0,0.0,0.0,6323.85
C000332,The National Council For Persons With Physical Disabilities,6323.85,0.0,0.0,0.0,0.0,6323.85
C006610,SIRAHA GROUP (PTY) LTD.,6323.85,0.0,0.0,0.0,0.0,6323.85
C006779,MPH SOLUTIONS (PTY) LTD,6323.85,0.0,0.0,0.0,0.0,6323.85
C000410,SportPesa (Pty) Ltd,6226.1,0.0,0.0,0.0,0.0,6226.1
C000057,RightClickFix (Pty) Ltd,0.0,0.0,0.0,6208.85,0.0,6208.85
C005033,PAYTEQ (PTY) LTD,6208.85,0.0,0.0,0.0,0.0,6208.85
ACU001,Acumen Capital (Pty) Ltd,6093.85,0.0,0.0,0.0,0.0,6093.85
C000066,Samsung SDS Global SCL South Africa (Pty) Ltd,6093.85,0.0,0.0,0.0,0.0,6093.85
C000071,Franklin Templeton Investments SA (Pty) Ltd,6093.85,0.0,0.0,0.0,0.0,6093.85
C000084,Siegwerk South Africa (Pty) Ltd,6093.85,0.0,0.0,0.0,0.0,6093.85
C000094,Tank Manufacturers (Pty) Ltd,6093.85,0.0,0.0,0.0,0.0,6093.85
C000136,Trelleborg South Africa (Pty) Ltd,6093.85,0.0,0.0,0.0,0.0,6093.85
C000196,Municipal Councillors Pension Fund,6093.85,0.0,0.0,0.0,0.0,6093.85
C000217,Shopware (Pty) Ltd,6093.85,0.0,0.0,0.0,0.0,6093.85
C000252,Projects Concern Manufacturing (Pty) Ltd,6093.85,0.0,0.0,0.0,0.0,6093.85
C000264,KTM Motorcycles SA (Pty) Ltd,6093.85,0.0,0.0,0.0,0.0,6093.85
C000315,V M E GROUP (Pty) Ltd,6093.85,0.0,0.0,0.0,0.0,6093.85
C000552,Electric Assemblies (Pty) Ltd,6093.85,0.0,0.0,0.0,0.0,6093.85
C000686,ARQ Consulting Engineers (Pty) Ltd t/a ARQ,6093.85,0.0,0.0,0.0,0.0,6093.85
C000749,Inmins Trading (Pty) Ltd,6093.85,0.0,0.0,0.0,0.0,6093.85
C000797,Anderson Transport (Pty) Ltd,6093.85,0.0,0.0,0.0,0.0,6093.85
C005166,NAUTILUS CHEMICALS (PTY) LTD,6093.85,0.0,0.0,0.0,0.0,6093.85
C005174,NORTH STAR CLEARING & FORWARDING CC T/A NORTH STAR,6093.85,0.0,0.0,0.0,0.0,6093.85
C005344,KINTETSU WORLD EXPRESS SOUTH AFRICA,6093.85,0.0,0.0,0.0,0.0,6093.85
C005979,SAFIC (PTY) LTD,6093.85,0.0,0.0,0.0,0.0,6093.85
C005998,Pillar Props 15 (Pty) Ltd t/a Re/max Property Associates,6093.85,0.0,0.0,0.0,0.0,6093.85
C006484,ORANGE ONE CONSULTING (PTY) LTD,6093.85,0.0,0.0,0.0,0.0,6093.85
ELE001,ELEMENTAL ANALYTICS (PTY) LTD,6093.85,0.0,0.0,0.0,0.0,6093.85
MAC001,Macromed (Pty) Ltd,6093.85,0.0,0.0,0.0,0.0,6093.85
RMD001,KIT FORMWORK and Scaffolding(Pty) Ltd,6093.85,0.0,0.0,0.0,0.0,6093.85
UZU001,Uzumi Investments CC T/A Milmac Produce Supply,6093.85,0.0,0.0,0.0,0.0,6093.85
DEL001,Deloitte & Touche,6023.7,0.0,0.0,0.0,0.0,6023.7
PSA021,CWA,0.0,0.0,0.0,0.0,5996.99,5996.99
C000623,Rand Preparatory and College,5980.0,0.0,0.0,0.0,0.0,5980.0
KZ007161,Wavelengths 1077 (Pty) LTD,2586.47,2586.47,667.47,0.0,0.0,5840.41
C000236,AVOCATUR CC,5836.35,0.0,0.0,0.0,0.0,5836.35
C001146,Wealth Associates Bespoke Solutions (Pty) Ltd,5748.85,0.0,0.0,0.0,0.0,5748.85
IRV001,Irvines Africa Poultry (Pty) Ltd,5748.85,0.0,0.0,0.0,0.0,5748.85
C000186,Pilatus PC12 Centre Southern Africa (Pty) Ltd,5701.85,0.0,0.0,0.0,0.0,5701.85
C006082,UBUNTU TECH SOLUTIONS (PTY) LTD T/A UKUKULA CONSULTING,5685.6,0.0,0.0,0.0,0.0,5685.6
C005089,HELIOS TOWERS SOUTH AFRICA SERVICES (PTY) LTD,0.0,5633.85,0.0,0.0,0.0,5633.85
C006067,DELTA FIREARMS (PTY) LTD,5633.85,0.0,0.0,0.0,0.0,5633.85
C006084,CHURCH OF SCIENTOLOGY PRETORIA,5633.85,0.0,0.0,0.0,0.0,5633.85
C005726,DIRECT PRECISION MANAGEMENT SERVICES T/A DPMS,2765.98,2765.98,63.92,0.0,0.0,5595.88
C004058,WHITFIELD PROPERTY MANAGEMENT,5576.35,0.0,0.0,0.0,0.0,5576.35
C006000,PAYFLEX (PTY) LTD,5576.35,0.0,0.0,0.0,0.0,5576.35
C006664,ISOLV TECHNOLOGIES (PTY) LTD,2760.0,2760.0,0.0,0.0,0.0,5520.0
C005554,RICH SCHEME TRADE CC T/A ISABELINA,5518.85,0.0,0.0,0.0,0.0,5518.85
C001220,IT DYNAMICS (PTY) LTD,5484.47,0.0,0.0,0.0,0.0,5484.47
C005202,APEX MANAGEMENT SERVICES PTY LTD,5461.35,0.0,0.0,0.0,0.0,5461.35
AIR005,Airtelecom CC,2835.9,2835.9,0.0,0.0,249.55,5422.25
C000052,Ultralloy (Pty) Ltd,5403.85,0.0,0.0,0.0,0.0,5403.85
C006556,MINEL UJANTSHI (PTY) LTD,5403.85,0.0,0.0,0.0,0.0,5403.85
THE005,The Dr Stanley Lipschitz Clinic Inc,5403.85,0.0,0.0,0.0,0.0,5403.85
C006111,ATYPICAL (PTY) LTD,5375.1,0.0,0.0,0.0,0.0,5375.1
C000493,Layer3 Telecom (Pty) Ltd,5298.63,0.0,0.0,0.0,0.0,5298.63
COM010,Comsol Networks (PTY) Ltd,5249.75,0.0,0.0,0.0,0.0,5249.75
C006488,TECHMARKIT (PTY) LTD,5241.7,0.0,0.0,0.0,0.0,5241.7
C000014,Gilbarco AFS,5175.0,0.0,0.0,0.0,0.0,5175.0
C000027,Colliers International Johannesburg,5173.85,0.0,0.0,0.0,0.0,5173.85
C000598,Beechcross Properties (Pty) Ltd,5173.85,0.0,0.0,0.0,0.0,5173.85
C000734,Farquharson Projects (Pty) Ltd,5173.85,0.0,0.0,0.0,0.0,5173.85
C000775,UKHESHE TECHNOLOGIES (PTY) LTD,5173.85,0.0,0.0,0.0,0.0,5173.85
C000852,Paym8 (Pty) Ltd,5173.85,0.0,0.0,0.0,0.0,5173.85
C005989,SHAVE INDUSTRIALS (PTY) LTD,5173.85,0.0,0.0,0.0,0.0,5173.85
C006549,MILPARK EDUCATION (PTY) LTD,5173.85,0.0,0.0,0.0,0.0,5173.85
CON006,CONSUMER GOODS COUNCIL OF SOUTH AFRICA,5173.85,0.0,0.0,0.0,0.0,5173.85
COR001,Corner Main Office Park (Pty) Ltd,5173.85,0.0,0.0,0.0,0.0,5173.85
INT010,International Air Transport Association (IATA),5173.85,0.0,0.0,0.0,0.0,5173.85
MEG001,Megapro Holdings (Pty) Ltd,5173.85,0.0,0.0,0.0,0.0,5173.85
C006464,SMPL SOLUTIONS (PTY) LTD,2586.35,2586.35,0.0,0.0,0.0,5172.7
PRU001,MandG Investment Managers (Pty) Ltd,5169.25,0.0,0.0,0.0,0.0,5169.25
C006019,INNATE TECHNOLOGY SOLUTIONS (PTY) LTD,0.0,0.0,0.0,3434.96,1717.48,5152.44
C001121,Louis Dreyfus Company Africa (Pty) Ltd,6093.85,0.0,0.0,0.0,1035.34,5058.51
C005894,PAYFAST (PTY) LTD,0.0,5019.75,0.0,0.0,0.0,5019.75
C005819,WIAM BEMARKINGS AGENTE (PTY) LTD t/a GROW PORT NATAL FRESH PRODUCT AGENTS,5001.35,0.0,0.0,0.0,0.0,5001.35
C003544,Conosco (Pty) Ltd,4942.7,0.0,0.0,0.0,0.0,4942.7
MPC001,MPC Recruitement (Pty) Ltd,4936.88,0.0,0.0,0.0,0.0,4936.88
MMA001,Mmapho Group (Pty) Ltd,0.0,0.0,0.0,0.0,4922.4,4922.4
C003982,ITEMATE SOLUTIONS PTY LTD,4915.16,0.0,0.0,0.0,0.0,4915.16
C000288,Lilak Trading (Pty) Limited,4915.1,0.0,0.0,0.0,0.0,4915.1
KUN001,Kunene Health Care (Pty) Ltd,4915.1,0.0,0.0,0.0,0.0,4915.1
C001190,YOUR COMMUNICATIONS (PTY) LTD,4830.0,0.0,0.0,0.0,0.0,4830.0
C006126,KOVCO (PTY) LTD,4827.7,0.0,0.0,0.0,0.0,4827.7
C006616,B BRAUN AVITUM (PTY) LTD,1378.85,1203.6,1378.85,0.0,866.4,4827.7
C006402,TAMASA TRADING 229 (PTY) LTD,4758.7,0.0,0.0,0.0,0.0,4758.7
C006449,BUSINESS DRIVEN NETWORK SERVICES (PTY) LTD T/A BDNS,4713.85,0.0,0.0,0.0,0.0,4713.85
C006665,MHA MANAGEMENT HOLDINGS (PTY) LTD,4713.85,0.0,0.0,0.0,0.0,4713.85
AGA001,Agattu Trading 174 (Pty) Ltd (Vault IT),0.0,0.0,0.0,0.0,4674.33,4674.33
INT001,Inteleqt Insights Pty Ltd (R),4656.47,0.0,0.0,0.0,0.0,4656.47
VUN001,Vunani Capital (Pty) Ltd,4656.47,0.0,0.0,0.0,0.0,4656.47
C006057,FTP TECHNOLOGIES,4656.35,0.0,0.0,0.0,0.0,4656.35
C004781,TIGGEE LLC T/A DNS MADE EASY / CONSTELLIX,4864.5,0.0,0.0,225.0,0.0,4639.5
C000821,Linux Tech (Pty) Ltd,4600.0,0.0,0.0,0.0,0.0,4600.0
C005753,MESHNET (PTY) LTD,4598.85,0.0,0.0,0.0,0.0,4598.85
C006537,FIAMME HOLDINGS (PTY) LTD,4598.85,0.0,0.0,0.0,0.0,4598.85
C000505,MMS Mobile Cranes cc,4483.85,0.0,0.0,0.0,0.0,4483.85
C001030,Power Plant Electrical Technologies (Pty) Ltd,4483.85,0.0,0.0,0.0,0.0,4483.85
C001034,VERMAAK MARSHALL WELLBELOVED INC,4483.85,0.0,0.0,0.0,0.0,4483.85
C004832,HYDRA-SPES C.C.,4483.85,0.0,0.0,0.0,0.0,4483.85
C005482,T.J MAODI INCOPORATED,4483.85,0.0,0.0,0.0,0.0,4483.85
C005568,ACT SOLUTIONS PRETORIA INC,4483.85,0.0,0.0,0.0,0.0,4483.85
C006191,ALKEBULAN LOGISTICS SOLUTIONS (PTY) LTD,4483.85,0.0,0.0,0.0,0.0,4483.85
THE002,The KZN Growth Fund Trust,4483.85,0.0,0.0,0.0,0.0,4483.85
C006183,BLOODHOUND HOLDINGS,4426.35,0.0,0.0,0.0,0.0,4426.35
C000950,Quincy de Jong t/a QSupport,4416.0,0.0,0.0,0.0,0.0,4416.0
C005009,ICE TECH TECHNOLOGIES (PTY) LTD,4414.67,0.0,0.0,0.0,0.0,4414.67
C000881,Milwick,4409.31,0.0,0.0,0.0,0.0,4409.31
C005896,VAIMO ECOMMERCE SERVICES (PTY) LTD,4370.0,0.0,0.0,0.0,0.0,4370.0
C006319,NDENDE TECHNOLOGIES (PTY) LTD,4370.0,0.0,0.0,0.0,0.0,4370.0
C000416,PureGroup SA (Pty) Ltd,4368.85,0.0,0.0,0.0,0.0,4368.85
C001186,IP TELECOM SA (PTY) LTD,4312.5,0.0,0.0,0.0,0.0,4312.5
C006320,ALTRON HEALTHTECH A DIVISION OF ALTRON TMT (PTY) LTD,4284.33,0.0,0.0,0.0,0.0,4284.33
EUP001,Euphoria Telecoms,4278.0,0.0,0.0,0.0,0.0,4278.0
C006023,JT ROSS & SON (PTY) LTD,4138.85,0.0,0.0,0.0,0.0,4138.85
C000776,MIRB Africa (Pty) Ltd,3678.85,445.02,0.0,0.0,0.0,4123.87
C000861,STORM AGRI PRODUCTS,4104.35,0.0,0.0,0.0,0.0,4104.35
C005411,CPU TRADING CC T/A PC JUNCTION,0.0,0.0,0.0,0.0,4035.35,4035.35
C003804,Aerocom Broadband Services (Pty) Ltd,4025.0,0.0,0.0,0.0,0.0,4025.0
C000800,Wild Eye Destinations and Photographic (Pty) Ltd,4023.85,0.0,0.0,0.0,0.0,4023.85
C005363,GROWISE CAPITAL (PTY) LTD,4023.85,0.0,0.0,0.0,0.0,4023.85
C005735,THE MILLVALE TRUST,4023.85,0.0,0.0,0.0,0.0,4023.85
C005933,MARISWE (PTY) LTD,4023.85,0.0,0.0,0.0,0.0,4023.85
C006004,MIFITNESS (PTY) LTD,4023.85,0.0,0.0,0.0,0.0,4023.85
KZ004231,Sews South Africa (Pty) Ltd,3966.35,0.0,0.0,0.0,0.0,3966.35
EKA001,Ekato Africa (Pty) Ltd,3965.2,0.0,0.0,0.0,0.0,3965.2
C005176,AFRICA HEALTHCARE (PTY) LTD,3908.85,0.0,0.0,0.0,0.0,3908.85
C006223,QUEENSWOOD TECHNICAL SOLUTIONS (PTY) LTD T/A QTS GROUP,3908.85,0.0,0.0,0.0,0.0,3908.85
DEN001,Denmyd Medical Equipment (Pty) Ltd,3852.5,0.0,0.0,0.0,0.0,3852.5
C001196,THREE6FIVE MANAGED SERVICES (PTY) LTD,0.0,0.0,0.0,0.0,3733.73,3733.73
C004978,EMRE RETAIL DEVELOPERS,2436.57,1285.42,0.0,0.0,0.0,3721.99
BAR005,Barrows Design & Manufacturing (Pty) Ltd,3678.85,0.0,0.0,0.0,0.0,3678.85
C001070,MSPH South Africa LLC,3678.85,0.0,0.0,0.0,0.0,3678.85
C000275,Comfort Travel and Investment Services (Pty) Ltd,1817.0,1817.0,0.0,0.0,0.0,3634.0
A2X001,A2X (Pty) Ltd t/a A2X Markets,3622.5,0.0,0.0,0.0,0.0,3622.5
C006015,D E I PROJECTS (PTY) LTD,3563.85,0.0,0.0,0.0,0.0,3563.85
THE019,The Nth Dimension CC,3563.85,0.0,0.0,0.0,0.0,3563.85
C001204,UNITED NATIONS - HIGH COMMISSION FOR REFUGEES T/A UNHCR,14948.85,0.0,8273.1,0.0,3124.54,3551.21
C000267,Nampak Products Ltd T/A NMS,3468.42,0.0,0.0,0.0,0.0,3468.42
C000822,Cidel (Pty) Ltd,7070.15,3604.05,0.0,0.0,0.0,3466.1
C000538,Globex Financial Services (Pty) Ltd,3465.21,0.0,0.0,0.0,0.0,3465.21
C000870,The South African Facilities Management Association,3448.85,0.0,0.0,0.0,0.0,3448.85
C001191,IMANI BUSINESS ADVISORY SERVICES (PTY) LTD,3448.85,0.0,0.0,0.0,0.0,3448.85
C005790,BOSSARD SOUTH AFRICA (PTY) LTD,3448.85,0.0,0.0,0.0,0.0,3448.85
C006406,ZAR ATTORNEYS&apos INC,3448.85,0.0,0.0,0.0,0.0,3448.85
C006407,FRESH CAR BAR BOKSBURG (PTY) LTD,3448.85,0.0,0.0,0.0,0.0,3448.85
CAP001,Cape Union Mart Inter Pty Ltd t/a Cape Union Mart,3448.85,0.0,0.0,0.0,0.0,3448.85
KIM001,Kimopax (Pty) Ltd,3448.85,0.0,0.0,0.0,0.0,3448.85
STR002,Strategic Simulation Solutions t/a BTS Africa,3448.85,0.0,0.0,0.0,0.0,3448.85
THE003,The No Nonsense Group,3448.85,0.0,0.0,0.0,0.0,3448.85
C005109,ICONOMYSA,0.0,0.0,0.0,0.0,3447.7,3447.7
C006219,LIAMZEIN CC T/A POSTNET SANDTON CITY,1723.85,1723.85,0.0,0.0,0.0,3447.7
C006433,FLEXISTORE SOUTH AFRICA (PTY) LTD,3447.7,0.0,0.0,0.0,0.0,3447.7
PSA024,Cloudie Technologies (Pty) Ltd,0.0,3415.5,0.0,0.0,0.0,3415.5
C000513,Bassano Gioielli (Pty) Ltd,3448.85,0.0,0.0,0.0,40.0,3408.85
C000794,Octapharma South Africa (Pty) Ltd,3385.66,0.0,0.0,0.0,0.0,3385.66
C006846,WORLDCO LOGISTICS (PTY) LTD,3333.85,0.0,0.0,0.0,0.0,3333.85
C000062,ACIF'S C.C. T/A Mr Snob,3287.85,0.0,0.0,0.0,0.0,3287.85
C006461,INDEPENDENT ALTERNATIVES INVESTMENT MANAGERS (PTY) LTD,3287.85,0.0,0.0,0.0,0.0,3287.85
C000607,Card Technology Services (Pty) Ltd,3276.35,0.0,0.0,0.0,0.0,3276.35
C006095,PEAK SCIENTIFIC AFRICA (PTY) LTD,3276.35,0.0,0.0,0.0,0.0,3276.35
C005807,CHARLOTTE RHYS MANUFACTURING (PTY) LTD,3219.08,0.0,0.0,0.0,0.0,3219.08
C006919,ASAKHENI DEVELOPMENTS (PTY) LTD,3216.93,0.0,0.0,0.0,0.0,3216.93
C006460,TV AUDIO CC T/A STAGE-ONE,0.0,3198.3,0.0,0.0,0.0,3198.3
C006393,NIGHT FIRE INVESTMENT 48 (PTY) LTD,0.0,3178.6,0.0,0.0,0.0,3178.6
C004872,FIGMENT DESIGN LABORATORIES (PTY) LTD,3047.5,0.0,0.0,0.0,0.0,3047.5
C001035,Dairy Standard Agency,2988.85,0.0,0.0,0.0,0.0,2988.85
C006408,ELLE BELLE FOODS (PTY) LTD,2988.85,0.0,0.0,0.0,0.0,2988.85
C006901,HOLISTIC SUPERBET SHARED SERVICES (PTY) LTD,2643.85,341.15,0.0,0.0,0.0,2985.0
C000246,Cloud Brokerage Services (Pty) Ltd  (CBS),0.0,0.0,0.0,0.0,2942.85,2942.85
C006544,ABSOLUTE HOSTING (PTY) LTD,0.0,22525.05,0.0,0.0,19589.54,2935.51
C000032,Pamoja Asset Management ( Pty) Ltd,2873.85,0.0,0.0,0.0,0.0,2873.85
C000836,Hadar Attorneys Incorporated T/A Hadar Incorporated,2873.85,0.0,0.0,0.0,0.0,2873.85
C001178,Blue Seas Products (Pty) Ltd,2873.85,0.0,0.0,0.0,0.0,2873.85
C003774,SERVECONNECT CC,0.0,2873.85,0.0,0.0,0.0,2873.85
C005350,NDLONDLOBALA HOLDINGS (PTY) LTD,2873.85,0.0,0.0,0.0,0.0,2873.85
C005593,HARD ROCK SOUTH AFRICA (PTY) LTD,2873.85,0.0,0.0,0.0,0.0,2873.85
C005738,SIDQCON (PTY) LTD,2873.85,0.0,0.0,0.0,0.0,2873.85
C006122,RUSHAAN TOEFY FINANCIAL SERVICES (PTY) LTD,2873.85,0.0,0.0,0.0,0.0,2873.85
C006182,WOLF LAIR INVESTMENTS (PTY) LTD T/A CILANTROS,2873.85,0.0,0.0,0.0,0.0,2873.85
C006224,MIO MONDO (PTY) LTD,2873.85,0.0,0.0,0.0,0.0,2873.85
C006298,MOYENI COMMERCIAL PROPERTY NO 3 (PTY) LTD,2873.85,0.0,0.0,0.0,0.0,2873.85
C006391,RV ENERGY SOLUTIONS (PTY) LTD,0.0,0.0,0.0,0.0,2873.85,2873.85
C006518,MCG CENTRAL SERVICES (PTY) LTD,2873.85,0.0,0.0,0.0,0.0,2873.85
C006845,SOMBS HOLDINGS (PTY) LTD,2873.85,0.0,0.0,0.0,0.0,2873.85
ZON001,Zonke-Unicode (Pty) Ltd,2873.85,0.0,0.0,0.0,0.0,2873.85
C006756,PFC COMPUTERS EASTERN CAPE CC,0.0,2810.6,0.0,0.0,0.0,2810.6
C004954,WELSHFIN,2804.85,0.0,0.0,0.0,0.0,2804.85
C005978,I MOBILITY (PTY) LTD,6670.0,0.0,0.0,1725.0,5625.8,2769.2
C001185,VisionOSS (Pty) Ltd t/a VOSS Solutions,2760.0,0.0,0.0,0.0,0.0,2760.0
C006398,PANTRY CLUB,2758.85,0.0,0.0,0.0,0.0,2758.85
C006914,ORCA COURIERS CC,1723.85,1034.31,0.0,0.0,0.0,2758.16
C005483,SOMA FOOD CO. (PTY) LTD,2753.1,0.0,0.0,0.0,0.0,2753.1
PSA033,Crystal Communications,0.0,0.0,0.0,0.0,2656.5,2656.5
C006865,AFRICAN NATIONAL CONGRESS,2643.85,0.0,0.0,0.0,0.0,2643.85
FAB002,Faber & Allin Inc Attorneys,877.3,854.63,0.0,6029.07,5173.85,2587.15
ACC006,Accelerate IT (Pty) Ltd T/A Accelerate IT,2586.35,0.0,0.0,0.0,0.0,2586.35
C005991,NEWBRIDGE HOLDINGS (PTY) LTD,2586.35,0.0,0.0,0.0,0.0,2586.35
WCMEDIT,EXPEDIENT MEDICAL (PTY) LTD T/A MEDICAL IT (PTY) LTD,0.0,2586.35,0.0,0.0,0.0,2586.35
C006276,THALLEON (PTY) LTD,2482.85,0.0,0.0,0.0,0.0,2482.85
C006065,BLAQROZ CO (PTY) LTD,1148.85,1148.85,148.85,0.0,20.67,2425.88
C005902,VASTRA (PTY) LTD,2402.35,6.89,0.0,0.0,0.0,2409.24
C005920,AUTOMOTIVE BRANDS SOUTH AFRICA (PTY) LTD,2402.35,0.0,0.0,0.0,0.0,2402.35
C006377,WILDSPROUT WHOLEFOODS (PTY) LTD,2402.35,0.0,0.0,0.0,0.0,2402.35
C006439,JB SUPERMARKET DORANDIA (PTY) LTD T/A PICK N PAY FAMILY STORE DORANDIA,2402.35,0.0,0.0,0.0,0.0,2402.35
C006456,RIDE EXPEDITIONS,2402.35,0.0,0.0,0.0,0.0,2402.35
C005508,HOWZIT TELECOMS,2367.85,0.0,0.0,0.0,0.0,2367.85
C006135,STEPHAN SPRUYT INCORPORATED,2321.85,0.0,0.0,0.0,0.0,2321.85
NOB001,No Barrier Communications,2277.59,0.0,0.0,0.0,0.0,2277.59
C000526,Katiah Technologies (PTY) LTD,1115.5,1115.5,0.0,0.0,0.0,2231.0
C006894,AGAPE SPECIALISTS CONSULTING,1033.85,1033.85,133.4,0.0,0.0,2201.1
C005510,MINDE SCHAPIRO & SMITH INCORPORATED,2183.85,0.0,0.0,0.0,0.0,2183.85
C005886,NOVUS GEAR (PTY) LTD,2183.85,0.0,0.0,0.0,0.0,2183.85
C005954,PRESTIGE COSMETICS DISTRIBUTORS (PTY) LTD,2183.85,0.0,0.0,0.0,0.0,2183.85
C005999,YALTAS PUB & GRILL CC,2183.85,0.0,0.0,0.0,0.0,2183.85
C005716,BIDVEST OFFICE (PTY) LTD T/A WALTONS,1723.85,0.0,0.0,0.0,449.7,2173.55
C000408,Trinity Telecomms (Pty) Ltd,2157.4,0.0,0.0,0.0,0.0,2157.4
C004758,AIRPARK BEAUFORT WEST CC,8050.0,5922.5,0.0,0.0,0.0,2127.5
C006649,LIGHTBOX STUDIO (PTY) LTD,688.85,688.85,688.85,0.0,0.0,2066.55
C000553,Tony's Colours (SA) (Pty) Ltd,3495.1,1494.1,0.0,0.0,0.0,2001.0
C006024,YIRED (PTY) LTD,1897.5,0.0,0.0,0.0,0.0,1897.5
C005582,SUN PLASTICS SA (PTY) LTD,1884.85,0.0,0.0,0.0,0.0,1884.85
C005123,CONVERTACOR (PTY) LTD,1869.27,0.0,0.0,0.0,0.0,1869.27
C004950,FARAI RAZANO T/A RAZANO ATTORNEYS,0.0,0.0,0.0,0.0,1852.98,1852.98
C005761,OUTSOURCE GROUP SA (PTY) LTD,1820.45,0.0,0.0,0.0,0.0,1820.45
C005861,HASHTAGS PROPERTIES (PTY) LTD,1735.35,0.0,0.0,0.0,0.0,1735.35
C006285,OPTIC EDGE BLOUBERG,1735.35,0.0,0.0,0.0,0.0,1735.35
C006425,AVRASERVE (PTY) LTD T/A SCOTCH AND SODA HYDE PARK,1735.35,0.0,0.0,0.0,0.0,1735.35
C006451,CARLTON HAIR ACADEMY,1735.35,0.0,0.0,0.0,0.0,1735.35
C006844,AFRIFUSION (PTY) LTD,1735.35,0.0,0.0,0.0,0.0,1735.35
C000041,Edstan Construction (Pty) Ltd T/A Edstan &Son (Pty) Ltd,1723.85,0.0,0.0,0.0,0.0,1723.85
C000247,International Timepiece & Merchandising Corporation (Pty) Lt,1723.85,0.0,0.0,0.0,0.0,1723.85
C000668,Energywise Systems (Pty) Ltd,1723.85,0.0,0.0,0.0,0.0,1723.85
C005623,LEKONAKONETSI CONSULTING SERVICES PTY LTD,1723.85,0.0,0.0,0.0,0.0,1723.85
C005694,BRESCO DIAMONDS (PTY) LTD.,1723.85,0.0,0.0,0.0,0.0,1723.85
C005713,RED INK,1723.85,0.0,0.0,0.0,0.0,1723.85
C005810,FG LA PASTA (PTY) LTD,1723.85,0.0,0.0,0.0,0.0,1723.85
C006040,TAIGAN M-STRETCH (PTY) LTD,1723.85,0.0,0.0,0.0,0.0,1723.85
C006060,THIRST BAR SERVICES (PTY) LTD,1723.85,0.0,0.0,0.0,0.0,1723.85
C006109,ORYX DESERT SALT (PTY) LTD,1723.85,0.0,0.0,0.0,0.0,1723.85
C006151,SHUTTLE LIGHTING CONTROL SYSTEMS (PTY) LTD,1723.85,0.0,0.0,0.0,0.0,1723.85
C006154,BLUE POINTER TRADING 51 (PTY) LTD,1723.85,0.0,0.0,0.0,0.0,1723.85
C006198,CATHERINE ANNE PEARSE T/A MY DESERT ROSE,0.0,0.0,0.0,0.0,1723.85,1723.85
C006225,HOLY CRISP (PTY) LTD,1723.85,0.0,0.0,0.0,0.0,1723.85
C006355,COMPLETE HAIRDRESSING SUPPLIES (PTY) LTD,1723.85,0.0,0.0,0.0,0.0,1723.85
C006415,AURORA PHARMA (PTY) LTD T/A NEOVITA VITAMINS,1723.85,0.0,0.0,0.0,0.0,1723.85
C006416,SHAZMINS (PTY) LTD T/A SHAZMIN'S LUXE PATISSERIE,1723.85,0.0,0.0,0.0,0.0,1723.85
C006502,NRG EXPLORATION CC,1723.85,0.0,0.0,0.0,0.0,1723.85
C006559,MELENZA OPTOMETRISTS INC,1723.85,0.0,0.0,0.0,0.0,1723.85
C006560,NETVEST ADVISORY (PTY) LTD,1723.85,0.0,0.0,0.0,0.0,1723.85
C006590,Forest Fern (Pty) Ltd T/A Balmain Paris,1723.85,0.0,0.0,0.0,0.0,1723.85
C006615,TEKMART ONLINE (PTY) LTD T/A TEKMART AFRICA,1723.85,0.0,0.0,0.0,0.0,1723.85
C006677,SHANDU ATTORNEYS INC,1723.85,0.0,0.0,0.0,0.0,1723.85
C006713,GLOBESCOPE MANAGEMENT SERVICES (PTY) LTD,1723.85,0.0,0.0,0.0,0.0,1723.85
C006876,SHARIF PANDIT,1723.85,0.0,0.0,0.0,0.0,1723.85
C005848,TANZANITE AND SAPPHIRE (PTY) LTD,1710.35,0.0,0.0,0.0,0.0,1710.35
C000472,DHL Audit Services Incorporated,0.0,0.0,0.0,0.0,1691.02,1691.02
C006297,TAG RUGBY PROMOTIONS,1148.85,1148.85,0.0,0.0,613.21,1684.49
WCWASOAK,Washirika 3 Oaks Pty Ltd,0.0,1672.1,0.0,0.0,0.0,1672.1
C005794,Marelie Gous Audiologists Inc T/a The Hearing Clinic,1660.6,0.0,0.0,0.0,0.0,1660.6
C006280,TOP TRAVEL INTERNATIONAL (PTY) LTD,1608.85,0.0,0.0,0.0,0.0,1608.85
C000665,Power Trade and Invest (Pty) Ltd,1552.5,0.0,0.0,0.0,0.0,1552.5
C001051,i-Team (Pty) Ltd,1551.35,0.0,0.0,0.0,0.0,1551.35
C006733,BOOTCO (PTY) LTD,1723.85,0.0,152.3,0.0,59.53,1512.02
THO002,ThoughtExpress Symantic Technology (Pty) Ltd,1495.0,0.0,0.0,0.0,0.0,1495.0
C005395,THE GOOD FOOD FACTORY (PTY) LTD,1493.85,0.0,0.0,0.0,0.0,1493.85
C000527,2M Internet Solutions (Pty) Ltd,1378.85,0.0,0.0,0.0,0.0,1378.85
C000508,CM Telecom South Africa (Pty) Ltd,3622.5,0.0,0.0,0.0,2293.1,1329.4
C005244,EXCEL QUANTITY SURVEYORS (PTY) LTD,1207.5,0.0,0.0,0.0,0.0,1207.5
C005154,SUPRONET (PTY) LTD,1148.85,0.0,0.0,0.0,0.0,1148.85
C005546,JOSE CARLOS GONALVES T/A WOLMANS LUGGAGE,1148.85,0.0,0.0,0.0,0.0,1148.85
C005770,NOVA RENDA T/A FRA COAL,1148.85,0.0,0.0,0.0,0.0,1148.85
C005938,KRISUL INVESTMENTS CC,1148.85,0.0,0.0,0.0,0.0,1148.85
C006093,L TRUTER & ASSOCIATES INCORPORATED,1148.85,0.0,0.0,0.0,0.0,1148.85
C006123,THE FENIX EXPORTS (PTY) LTD,1148.85,0.0,0.0,0.0,0.0,1148.85
C006273,PRETORIA EAST LEARNING CENTRE,1148.85,0.0,0.0,0.0,0.0,1148.85
C006318,QUANTUM DESIGN AND ENGINEERING,1148.85,0.0,0.0,0.0,0.0,1148.85
C006366,FRS ACCOUNTANTS (PTY) LTD,1148.85,0.0,0.0,0.0,0.0,1148.85
C006447,INSTALLATIONS AT PETROL CC,1148.85,0.0,0.0,0.0,0.0,1148.85
C006591,COSMIC AND VOODOO T/A CONLEE DEVELOPMENTS,1148.85,0.85,0.0,0.85,0.0,1148.85
WCGLOKAM,Gloria Kaminski,0.0,86.25,86.25,86.25,841.23,1099.98
C006354,EXCLUSIVE NETWORKS SOUTH AFRICA (PTY) LTD,1092.5,0.0,0.0,0.0,0.0,1092.5
C006927,LEANDRE THEYS ATTORNEYS,870.0,0.0,0.0,0.0,0.0,870.0
PSA009,DPT Solutions (Pty) Ltd,0.0,0.0,0.0,575.0,287.5,862.5
PSA043,Intdev Internet Technologies (Pty) Ltd,0.0,845.25,0.0,0.0,0.0,845.25
C005961,GREENFORD BODY CORPORATE T/A RPA PROPERTY MANAGEMENT,688.85,0.0,0.0,0.0,0.0,688.85
C006307,B335 PROP (PTY) LTD,688.85,0.0,0.0,0.0,0.0,688.85
C004880,NOBLE B-BBEE ADVISORY (PTY) LTD,0.0,0.0,0.0,0.0,567.81,567.81
C001189,HENTIQ 22227 (PTY) LTD,517.5,0.0,0.0,0.0,0.0,517.5
C006033,UNAIDS INTER COUNTRY TEAM IMPREST T/A UNAIDS,460.0,0.0,0.0,0.0,0.0,460.0
C000273,Plessie cc,287.49,0.0,0.0,0.0,0.0,287.49
PSA030,Carrier Select Telecoms,0.0,103.5,0.0,103.5,51.75,258.75
PSA007,Streamline Networks,0.0,239.2,0.0,0.0,0.0,239.2
C006140,K2014194863 (Pty) Ltd t/a Cattle Baron Tsitsikamma,224.25,0.0,0.0,0.0,0.0,224.25
C006141,K2014194882 (Pty) Ltd t/a Cattle Baron Skukuza,224.25,0.0,0.0,0.0,0.0,224.25
C005927,AFRICA WIFI COM (PTY) LTD,0.0,18175.29,0.0,0.0,18371.5,196.21
PSA010,Simplicloud South Africa (Pty) Ltd,0.0,189.75,0.0,0.0,0.0,189.75
CON007,Convergence Partners Management (Pty) Ltd,172.5,0.0,0.0,0.0,0.0,172.5
C005119,MANCHU GROUP (PTY) LTD,79.93,0.0,0.0,0.0,0.0,79.93
C006841,ACES AFRICA (PTY) LTD,0.3,0.0,0.0,0.0,0.0,0.3
C004658,EMALANGENI TECHNOLOGIES (PTY) LTD,0.25,0.0,0.0,0.0,0.0,0.25
C006658,CLOUD NETWORK SOLUTIONS (PTY) LTD,0.2,0.0,0.0,0.0,0.0,0.2
ROS0001,Rose Courtz Trading (Pty) LTD. trading as BitCo,0.0,0.0,0.0,0.0,0.14,0.14
C000877,Digivation (Pty) Ltd,0.1,0.0,0.0,0.0,0.0,0.1
BUS002,Business System Group (Africa) T/A BSG,0.0,0.0,0.0,24146.55,24146.55,0.0
C000015,LM Information Delivery SA (Pty ) Ltd,0.0,0.0,0.0,0.0,0.0,0.0
C000185,IMImobile South Africa (Pty) Ltd,0.0,0.0,0.0,0.0,0.0,0.0
C000388,"Altron Fintech, a division of Altron TMT (Pty) Ltd",10245.35,10245.35,0.0,0.0,0.0,0.0
C000845,The Star Merchant (Pty) Ltd,24388.05,24388.05,0.0,0.0,0.0,0.0
C001061,Decathlon South Africa Sport (Pty) Ltd,0.0,0.0,7186.35,7186.35,0.0,0.0
C001065,Commercial ICT Division of Hudaco Trading (Pty) Ltd,0.0,0.0,12416.91,111592.8,124009.71,0.0
C001182,Citrii Software (Pty) Ltd,0.0,0.0,0.0,0.0,0.0,0.0
C001219,Ortell Trading CC,0.0,0.0,0.0,0.0,0.0,0.0
C004141,Goldtel Industries (Pty) Ltd,0.0,0.0,16034.68,0.0,16034.68,0.0
C005536,DOCTORS WITHOUT BORDERS SOUTH AFRICA MISSION NPC (MSF Khayel,0.0,0.0,0.0,0.0,0.0,0.0
C006185,ATLANTIC BEACH HOMEOWNERS ASSOCIATION,0.0,0.0,0.0,0.0,0.0,0.0
C006750,BRITISH AMERICAN TOBACCO SOUTH AFRICA (PTY) LTD,0.0,110265.39,34809.53,75455.86,0.0,0.0
DIF001,Differentiated Business Solution (Pty) Ltd (R),0.0,0.0,0.0,0.0,0.0,0.0
FOR001,Forwardzone Media (Pty) Ltd,0.0,0.0,0.0,0.0,0.0,0.0
PET001,Petrotrade (Pty) Ltd,0.0,0.0,0.0,0.0,0.0,0.0
HIT001,Hitec Sure CC,0.0,0.0,0.0,0.0,0.01,0.01
PSA027,Mint Management,0.0,0.0,0.0,0.0,0.01,0.01
SNO001,Snowball Effect,0.0,0.0,0.0,0.0,0.01,0.01
C001187,Touchsides SA (Pty) Ltd,0.0,0.0,0.0,0.0,0.02,0.02
TWI001,TWINE NETWORKS,0.0,0.0,0.0,0.0,0.03,0.03
PSA016,Afrovation,0.0,0.0,0.0,0.0,0.25,0.25
C000333,Lesira Manufacturing (Pty) Ltd,0.0,0.45,0.0,0.15,0.0,0.6
DGI001,DGIT Architects CC,0.0,0.0,0.0,0.0,0.65,0.65
C000757,MMT Inland (Pty) Ltd,0.0,0.0,0.0,0.0,1.0,1.0
C003970,MCCOMMS IT SOLUTIONS CC,0.0,0.0,0.0,0.0,16.01,16.01
C000001,A-Cubed Consulting,0.0,0.0,0.0,0.0,27.45,27.45
C000261,ENX Corporation Ltd t/a Eqstra Fleet Management,0.0,0.0,0.0,0.0,36.0,36.0
FLE001,Fleek Consulting,0.0,0.0,0.0,0.0,96.6,96.6
ARC004,Architectural Fenestration Solutions (Pty) Ltd,0.0,0.0,0.0,0.0,176.21,176.21
C006826,E WORX SA ICT SOLUTIONS (PTY) LTD,0.0,0.0,799.0,1038.7,0.0,239.7
C000916,ML Communications,0.0,0.0,0.0,0.06,260.31,260.37
C000206,Hereford Financial Services,0.0,0.0,0.0,0.0,287.5,287.5
OUT002,OUTsurance Insurance Co (Pty) Ltd t/a OUTsurance,0.0,0.0,0.0,536.62,0.0,536.62
ALL003,Allen and Overy LLP,0.0,0.0,0.0,0.0,549.88,549.88
C000625,Murray Street 137 Guesthouse (Pty) Ltd,0.0,0.0,571.4,0.0,0.0,571.4
C001198,UNIQ HOLDINGS PTY LTD,0.0,0.0,0.0,0.0,630.75,630.75
SOU003,South African Credit and Risk Reporting Association,0.0,0.0,0.0,0.0,845.25,845.25
C000678,Bioniq (Pty) Ltd,0.0,0.0,0.0,0.0,858.72,858.72
C006572,SIVE SETFU ICT SOLUTIONS (PTY) LTD,0.0,0.0,0.0,0.0,918.15,918.15
C000455,Writing on the Wall,8048.85,151.15,8200.0,51.15,754.05,1107.5
MON001,Montrose Primary School,0.0,0.0,0.0,0.0,1293.62,1293.62
C005661,HANSEN WATER HEATERS (PTY) LTD.,0.0,0.0,0.0,0.0,1353.55,1353.55
C003793,Byron & Smith (Pty) Ltd,0.0,0.0,0.0,0.0,1500.0,1500.0
MAK003,Making Memories t/a Orion ILS Logistics,0.0,0.0,0.0,0.0,1583.45,1583.45
C003795,Harvey's Premium Guarantee t/a Cardinal Insurance Management,0.0,0.0,0.0,0.0,1685.13,1685.13
C006063,AGRILOGIQ TECHNICAL SYSTEMS (PTY) LTD,0.0,0.0,0.0,0.0,1723.85,1723.85
C000298,Asia Travel cc,0.0,0.0,0.0,0.0,1780.05,1780.05
C004766,U and G Afrika Logistics,0.0,0.0,0.0,0.0,1835.88,1835.88
EQU003,Equity Value Consulting (Pty) Ltd t/a FutureSense,0.0,0.0,0.0,0.0,2093.94,2093.94
C000234,"First Rand Bank Limited, India",25432.58,25432.58,0.0,0.0,2233.3,2233.3
C006283,SIYASHESHA LEADERSHIP INCUBATOR NPC T/A ACTIVATE! CHANGE DRIVERSSIYASHESHA LEADERSHIP INCUBATOR NPC,0.0,0.0,0.0,0.0,2594.18,2594.18
C001257,PROJECT ISIZWE,0.0,0.0,0.0,0.0,3088.67,3088.67
C000983,Imperial Crown Trading 336 (Pty) Ltd t/a GBO Online Systems,0.0,0.0,0.0,0.0,3219.74,3219.74
EPD001,EPDR Holdings (Pty) Ltd t/a EPDR,0.0,0.0,0.0,0.0,3337.97,3337.97
C000348,More Global Production Portal (Pty) Ltd,0.0,0.0,0.0,0.0,3784.68,3784.68
C000968,PH F and I Cape Town (Pty) Ltd,0.0,3851.35,0.0,0.0,0.0,3851.35
C000121,Arena Holdings (Pty) Ltd,0.0,0.0,0.0,0.0,4216.3,4216.3
BOX002,ALPLA Trading SA (Pty) Ltd (t/a ALPLA South Africa),0.0,0.0,0.0,0.0,4312.09,4312.09
C006358,HOLCON TRADING (PTY) LTD,0.0,0.0,0.0,0.0,5060.0,5060.0
C005397,HERONRY PROPERTIES (PTY) LTD,0.0,0.0,0.0,0.0,5746.44,5746.44
C001133,Mentor Africa (Pty) Ltd,0.0,0.0,0.0,0.0,5747.7,5747.7
C000656,JD Hill & Company,0.0,6093.85,0.0,0.0,0.0,6093.85
SYR002,Syrinx Communications International,0.0,0.0,0.0,0.0,6909.6,6909.6
C000392,Botha Roodt Johannesburg (Pty) Ltd,0.0,0.0,0.0,0.0,7041.49,7041.49
TCM001,TCM Networks (Pty) Ltd,20581.79,0.0,0.0,0.0,28548.78,7966.99
C005538,THE WANDERERS CLUB,0.0,0.0,0.0,0.0,8048.85,8048.85
C005430,GCS WATER AND ENVIRONMENT (PTY) LTD T/A GCS (PTY) LTD,0.0,0.0,8623.85,0.0,0.0,8623.85
TER003,Teraoko SA (Pty) Ltd,0.0,0.0,9198.85,0.0,0.0,9198.85
WCOPECOM,Open Communications (Pty) Ltd,0.0,0.0,9052.31,192.87,0.0,9245.18
C000965,Orange Cyberdefense South Africa (Pty) Ltd,0.0,0.0,0.0,0.0,9347.27,9347.27
C004874,MAKEREIGN,0.0,0.0,0.0,0.0,9485.4,9485.4
C000689,Diebold Nixdorf South Africa (Pty) Ltd,0.0,0.0,0.0,0.0,9814.17,9814.17
C006359,TRANSPERFECT SOUTH AFRICA (PTY) LTD,0.0,10348.85,0.0,0.0,0.0,10348.85
C004056,Cato Networks (UK) Ltd,368.0,368.0,368.0,5741.2,17436.15,10590.95
C006214,COLOURFIELD LIABILITY SOLUTIONS (PTY) LTD,0.0,10636.35,0.0,0.1,0.1,10636.15
C000436,Louw Genis and Rajoo Incorporated,0.0,0.0,0.0,0.0,10636.35,10636.35
7AR001,7 Arrows a division of SOG (Pty) Ltd,0.0,0.0,0.0,0.0,10704.68,10704.68
GEN001,Genepool,0.0,0.0,0.0,0.0,11241.25,11241.25
C000484,Novus Group (Pty) Ltd,0.0,0.0,0.0,3449.51,8048.85,11498.36
ATT001,Redstor Africa (Pty) Ltd,0.0,0.0,0.0,0.0,11499.34,11499.34
CAN001,Canden Schools (Pty) Ltd,0.0,0.0,0.0,0.0,12187.7,12187.7
COM004,Compu-Clearing Proprietary Limited,0.0,0.0,0.0,0.0,13776.44,13776.44
AMI001,AMI Holdings (Pty) Ltd,0.0,0.0,0.0,0.0,14948.85,14948.85
C000710,Amazing Vouchers Pty (Ltd),0.0,0.0,0.0,0.0,15022.52,15022.52
C004895,68 ON MAIN BODY CORPORATE T/A THE BODY CORPORATE,0.0,0.0,0.0,0.0,15561.11,15561.11
SIE001,Sierra Square Hotel (Pty) Ltd,0.0,0.0,0.0,0.0,16691.88,16691.88
C000711,Intelys Technology Africa (Pty) Ltd - DO NOT USE FOR BILLING,0.0,0.0,0.0,5570.6,11141.2,16711.8
C006157,DARK KITCHEN (PTY) LTD T/A BELTHAZAR RESTAURANT & WINE BAR,0.0,0.0,0.0,0.0,17766.65,17766.65
C001098,Cato Networks (UK) Ltd,0.0,0.0,17916.32,0.0,0.0,17916.32
C005371,GROUND FLOOR CONSORTIUM (PTY) LTD,0.0,0.0,0.0,0.0,19350.59,19350.59
C000790,Innovation Hub Group (Pty) Ltd,0.0,0.0,0.0,0.0,19683.52,19683.52
THE016,The Church of Jesus Christ of Latter Day Saints SA,0.0,0.0,0.0,0.0,21182.18,21182.18
C005804,LOGIA IT SERVICES (PTY) LTD.,0.0,0.0,0.0,0.0,21272.7,21272.7
C006248,CEVA LOGISTICS SOUTH AFRICA (PTY) LTD,21960.4,42307.31,0.0,0.0,3104.66,23451.57
C000454,Hello Group (Pty) Ltd,58134.8,5239.4,89391.74,0.0,0.0,26017.54
ERI001,ERICSSON SOUTH AFRICA (PTY) LTD. (ESA),0.0,0.0,0.0,0.0,28057.86,28057.86
C000224,Owen Musiker,0.0,0.0,0.0,0.0,32210.35,32210.35
C000716,Madhlopa Incorporated T/A Madhlopa Attorneys,0.0,0.0,0.0,0.0,35750.59,35750.59
MAG002,Magnet Electrical Supplies,0.0,0.0,0.0,0.0,35870.8,35870.8
C000145,Z & Z Ngogodo Inc,0.0,0.0,0.0,0.0,42709.28,42709.28
AMP001,Ampath Trust,0.0,0.0,0.0,0.0,44766.65,44766.65
IMC001,IMCAMO CC t/a Royal Travel,0.0,0.0,0.0,0.0,48293.1,48293.1
C003771,BEKA SCHREDER (PTY) LTD,14142.7,14142.7,14142.7,92078.05,0.0,49649.95
C006124,BIDVEST INSURANCE LIMITED,0.0,0.0,5692.5,80212.5,17595.0,56925.0
C000832,Radware Ltd,2302.67,2299.97,0.0,0.0,63964.93,59362.29
C005224,PARKER HANNIFIN AFRICA (PTY) LTD,0.0,0.0,4828.85,0.0,72307.49,77136.34
C000628,Exxaro Resources Ltd,0.0,0.0,0.0,0.0,93960.04,93960.04
C006362,EOH Technology Solutions a Div of EOH Mthombo,0.0,0.0,0.0,0.0,120268.19,120268.19
C005925,HATFIELD HOLDINGS (PTY) LTD T/A FURY FORD SANDTON,0.0,0.0,0.0,127970.85,0.0,127970.85
STO001,Stonehage Fleming Financial Services (Pty) Ltd,0.0,0.0,0.0,139544.45,0.0,139544.45
C005866,Radware Ltd t/a RDWR,2300.0,0.0,0.0,0.0,361585.21,359285.21
INN002,Innovation Group Services (Pty) Ltd,84857.75,72660.08,78923.75,393955.68,205931.34,363445.44
C000992,Discovery Central Services (Pty) Ltd,114543.64,114543.64,547443.73,383727.35,63954.56,638129.24
